device_id,sdk_timestamp,timestamp,power,energy,created_at
46a5d141-9760-4ac1-934f-8fce43720b61,1648134767,1648134767,3.0,1448654.0,2022-03-24 16:10:20 UTC
46a5d141-9760-4ac1-934f-8fce43720b61,1648134707,1648134707,2.0,1448654.0,2022-03-24 15:12:17 UTC
46a5d141-9760-4ac1-934f-8fce43720b61,1648134647,1648134647,3.0,1448654.0,2022-03-24 15:12:17 UTC
46a5d141-9760-4ac1-934f-8fce43720b61,1648134587,1648134587,3.0,1448654.0,2022-03-24 15:12:17 UTC
46a5d141-9760-4ac1-934f-8fce43720b61,1648134527,1648134527,3.0,1448654.0,2022-03-24 15:12:17 UTC
46a5d141-9760-4ac1-934f-8fce43720b61,1648134467,1648134467,4.0,1448654.0,2022-03-24 15:12:17 UTC
46a5d141-9760-4ac1-934f-8fce43720b61,1648134407,1648134407,3.0,1448653.0,2022-03-24 15:12:17 UTC
46a5d141-9760-4ac1-934f-8fce43720b61,1648134347,1648134347,2.0,1448653.0,2022-03-24 15:12:17 UTC
46a5d141-9760-4ac1-934f-8fce43720b61,1648134287,1648134287,2.0,1448653.0,2022-03-24 15:12:17 UTC
46a5d141-9760-4ac1-934f-8fce43720b61,1648134227,1648134227,2.0,1448653.0,2022-03-24 15:12:17 UTC
46a5d141-9760-4ac1-934f-8fce43720b61,1648134170,1648134167,2.0,1448653.0,2022-03-24 15:03:17 UTC
46a5d141-9760-4ac1-934f-8fce43720b61,1648134107,1648134107,3.0,1448653.0,2022-03-24 15:03:17 UTC
46a5d141-9760-4ac1-934f-8fce43720b61,1648134047,1648134047,3.0,1448653.0,2022-03-24 15:03:17 UTC
46a5d141-9760-4ac1-934f-8fce43720b61,1648133987,1648133987,2354.0,1448642.0,2022-03-24 15:03:17 UTC
46a5d141-9760-4ac1-934f-8fce43720b61,1648133927,1648133927,2252.0,1448597.0,2022-03-24 15:03:17 UTC
46a5d141-9760-4ac1-934f-8fce43720b61,1648133867,1648133867,3.0,1448586.0,2022-03-24 15:03:17 UTC
46a5d141-9760-4ac1-934f-8fce43720b61,1648133807,1648133807,3.0,1448586.0,2022-03-24 15:03:17 UTC
46a5d141-9760-4ac1-934f-8fce43720b61,1648133747,1648133747,3.0,1448586.0,2022-03-24 15:03:17 UTC
46a5d141-9760-4ac1-934f-8fce43720b61,1648133687,1648133687,2.0,1448586.0,2022-03-24 15:03:17 UTC
46a5d141-9760-4ac1-934f-8fce43720b61,1648133627,1648133627,3.0,1448586.0,2022-03-24 15:03:17 UTC
46a5d141-9760-4ac1-934f-8fce43720b61,1648133567,1648133567,3.0,1448585.0,2022-03-24 15:03:17 UTC
46a5d141-9760-4ac1-934f-8fce43720b61,1648133507,1648133507,3.0,1448585.0,2022-03-24 15:03:17 UTC
46a5d141-9760-4ac1-934f-8fce43720b61,1648133447,1648133447,2.0,1448585.0,2022-03-24 15:03:17 UTC
46a5d141-9760-4ac1-934f-8fce43720b61,1648133387,1648133387,2342.0,1448561.0,2022-03-24 15:03:17 UTC
46a5d141-9760-4ac1-934f-8fce43720b61,1648133327,1648133327,2278.0,1448515.0,2022-03-24 15:03:17 UTC
46a5d141-9760-4ac1-934f-8fce43720b61,1648133267,1648133267,2290.0,1448471.0,2022-03-24 15:03:17 UTC
46a5d141-9760-4ac1-934f-8fce43720b61,1648133207,1648133207,2278.0,1448426.0,2022-03-24 15:03:17 UTC
46a5d141-9760-4ac1-934f-8fce43720b61,1648133147,1648133147,2272.0,1448382.0,2022-03-24 15:03:17 UTC
46a5d141-9760-4ac1-934f-8fce43720b61,1648133087,1648133087,2307.0,1448337.0,2022-03-24 15:03:17 UTC
46a5d141-9760-4ac1-934f-8fce43720b61,1648133027,1648133027,2390.0,1448291.0,2022-03-24 15:03:17 UTC
46a5d141-9760-4ac1-934f-8fce43720b61,1648132967,1648132967,2395.0,1448244.0,2022-03-24 15:03:17 UTC
46a5d141-9760-4ac1-934f-8fce43720b61,1648132907,1648132907,2367.0,1448198.0,2022-03-24 15:03:17 UTC
46a5d141-9760-4ac1-934f-8fce43720b61,1648132847,1648132847,2287.0,1448152.0,2022-03-24 15:03:17 UTC
46a5d141-9760-4ac1-934f-8fce43720b61,1648132787,1648132787,2308.0,1448107.0,2022-03-24 15:03:17 UTC
46a5d141-9760-4ac1-934f-8fce43720b61,1648132727,1648132727,2280.0,1448062.0,2022-03-24 15:03:17 UTC
46a5d141-9760-4ac1-934f-8fce43720b61,1648132667,1648132667,2272.0,1448018.0,2022-03-24 15:03:17 UTC
46a5d141-9760-4ac1-934f-8fce43720b61,1648132607,1648132607,2248.0,1447973.0,2022-03-24 15:03:17 UTC
46a5d141-9760-4ac1-934f-8fce43720b61,1648132547,1648132547,2318.0,1447929.0,2022-03-24 15:03:17 UTC
46a5d141-9760-4ac1-934f-8fce43720b61,1648132487,1648132487,2.0,1447918.0,2022-03-24 15:03:17 UTC
46a5d141-9760-4ac1-934f-8fce43720b61,1648132427,1648132427,2.0,1447918.0,2022-03-24 15:03:17 UTC
46a5d141-9760-4ac1-934f-8fce43720b61,1648132367,1648132367,3.0,1447918.0,2022-03-24 15:03:17 UTC
46a5d141-9760-4ac1-934f-8fce43720b61,1648132307,1648132307,3.0,1447918.0,2022-03-24 15:03:17 UTC
46a5d141-9760-4ac1-934f-8fce43720b61,1648132247,1648132247,2.0,1447918.0,2022-03-24 14:31:17 UTC
46a5d141-9760-4ac1-934f-8fce43720b61,1648132187,1648132187,2322.0,1447907.0,2022-03-24 14:31:17 UTC
46a5d141-9760-4ac1-934f-8fce43720b61,1648132127,1648132127,2298.0,1447861.0,2022-03-24 14:31:17 UTC
46a5d141-9760-4ac1-934f-8fce43720b61,1648132067,1648132067,2329.0,1447816.0,2022-03-24 14:31:17 UTC
46a5d141-9760-4ac1-934f-8fce43720b61,1648132007,1648132007,2324.0,1447770.0,2022-03-24 14:31:17 UTC
46a5d141-9760-4ac1-934f-8fce43720b61,1648131947,1648131947,2310.0,1447725.0,2022-03-24 14:31:17 UTC
46a5d141-9760-4ac1-934f-8fce43720b61,1648131887,1648131887,2320.0,1447679.0,2022-03-24 14:31:17 UTC
46a5d141-9760-4ac1-934f-8fce43720b61,1648131827,1648131827,2317.0,1447633.0,2022-03-24 14:31:17 UTC
46a5d141-9760-4ac1-934f-8fce43720b61,1648131767,1648131767,2336.0,1447587.0,2022-03-24 14:31:17 UTC
46a5d141-9760-4ac1-934f-8fce43720b61,1648131707,1648131707,2318.0,1447542.0,2022-03-24 14:31:17 UTC
46a5d141-9760-4ac1-934f-8fce43720b61,1648131647,1648131647,2339.0,1447496.0,2022-03-24 14:31:17 UTC
46a5d141-9760-4ac1-934f-8fce43720b61,1648131587,1648131587,2307.0,1447451.0,2022-03-24 14:31:17 UTC
46a5d141-9760-4ac1-934f-8fce43720b61,1648131527,1648131527,2351.0,1447405.0,2022-03-24 14:31:17 UTC
46a5d141-9760-4ac1-934f-8fce43720b61,1648131467,1648131467,2315.0,1447359.0,2022-03-24 14:31:17 UTC
46a5d141-9760-4ac1-934f-8fce43720b61,1648131407,1648131407,2308.0,1447313.0,2022-03-24 14:31:17 UTC
46a5d141-9760-4ac1-934f-8fce43720b61,1648131347,1648131347,2326.0,1447268.0,2022-03-24 14:31:17 UTC
46a5d141-9760-4ac1-934f-8fce43720b61,1648131287,1648131287,2335.0,1447222.0,2022-03-24 14:31:17 UTC
46a5d141-9760-4ac1-934f-8fce43720b61,1648131227,1648131227,2338.0,1447176.0,2022-03-24 14:31:17 UTC
46a5d141-9760-4ac1-934f-8fce43720b61,1648131167,1648131167,2310.0,1447131.0,2022-03-24 14:31:17 UTC
46a5d141-9760-4ac1-934f-8fce43720b61,1648131107,1648131107,2335.0,1447085.0,2022-03-24 14:31:17 UTC
46a5d141-9760-4ac1-934f-8fce43720b61,1648131047,1648131047,2334.0,1447039.0,2022-03-24 14:31:17 UTC
46a5d141-9760-4ac1-934f-8fce43720b61,1648130987,1648130987,2318.0,1446994.0,2022-03-24 14:31:17 UTC
46a5d141-9760-4ac1-934f-8fce43720b61,1648130927,1648130927,2310.0,1446949.0,2022-03-24 14:31:17 UTC
46a5d141-9760-4ac1-934f-8fce43720b61,1648130867,1648130867,2346.0,1446903.0,2022-03-24 14:31:17 UTC
46a5d141-9760-4ac1-934f-8fce43720b61,1648130807,1648130807,2331.0,1446858.0,2022-03-24 14:31:17 UTC
46a5d141-9760-4ac1-934f-8fce43720b61,1648130747,1648130747,2341.0,1446812.0,2022-03-24 14:31:17 UTC
46a5d141-9760-4ac1-934f-8fce43720b61,1648130687,1648130687,2331.0,1446766.0,2022-03-24 14:31:17 UTC
46a5d141-9760-4ac1-934f-8fce43720b61,1648130627,1648130627,2340.0,1446720.0,2022-03-24 14:31:17 UTC
46a5d141-9760-4ac1-934f-8fce43720b61,1648130567,1648130567,2327.0,1446676.0,2022-03-24 14:31:17 UTC
46a5d141-9760-4ac1-934f-8fce43720b61,1648130507,1648130507,2338.0,1446633.0,2022-03-24 14:31:17 UTC
46a5d141-9760-4ac1-934f-8fce43720b61,1648130447,1648130447,2332.0,1446588.0,2022-03-24 14:01:17 UTC
46a5d141-9760-4ac1-934f-8fce43720b61,1648130387,1648130387,2301.0,1446545.0,2022-03-24 14:01:17 UTC
46a5d141-9760-4ac1-934f-8fce43720b61,1648130327,1648130327,2307.0,1446501.0,2022-03-24 14:01:17 UTC
46a5d141-9760-4ac1-934f-8fce43720b61,1648130267,1648130267,2345.0,1446456.0,2022-03-24 14:01:17 UTC
46a5d141-9760-4ac1-934f-8fce43720b61,1648130207,1648130207,2359.0,1446410.0,2022-03-24 14:01:17 UTC
46a5d141-9760-4ac1-934f-8fce43720b61,1648130147,1648130147,2353.0,1446363.0,2022-03-24 14:01:17 UTC
46a5d141-9760-4ac1-934f-8fce43720b61,1648130087,1648130087,2340.0,1446317.0,2022-03-24 13:55:16 UTC
46a5d141-9760-4ac1-934f-8fce43720b61,1648130027,1648130027,2349.0,1446271.0,2022-03-24 13:55:16 UTC
46a5d141-9760-4ac1-934f-8fce43720b61,1648129967,1648129967,2346.0,1446225.0,2022-03-24 13:55:16 UTC
46a5d141-9760-4ac1-934f-8fce43720b61,1648129907,1648129907,2353.0,1446179.0,2022-03-24 13:55:16 UTC
46a5d141-9760-4ac1-934f-8fce43720b61,1648129847,1648129847,2339.0,1446132.0,2022-03-24 13:55:16 UTC
46a5d141-9760-4ac1-934f-8fce43720b61,1648129787,1648129787,2345.0,1446087.0,2022-03-24 13:55:16 UTC
46a5d141-9760-4ac1-934f-8fce43720b61,1648129727,1648129727,2319.0,1446042.0,2022-03-24 13:55:16 UTC
46a5d141-9760-4ac1-934f-8fce43720b61,1648129667,1648129667,2324.0,1445997.0,2022-03-24 13:55:16 UTC
46a5d141-9760-4ac1-934f-8fce43720b61,1648129607,1648129607,2355.0,1445951.0,2022-03-24 13:55:16 UTC
46a5d141-9760-4ac1-934f-8fce43720b61,1648129548,1648129547,2336.0,1445904.0,2022-03-24 13:55:16 UTC
46a5d141-9760-4ac1-934f-8fce43720b61,1648129487,1648129487,2344.0,1445859.0,2022-03-24 13:55:16 UTC
46a5d141-9760-4ac1-934f-8fce43720b61,1648129427,1648129427,2341.0,1445813.0,2022-03-24 13:55:16 UTC
46a5d141-9760-4ac1-934f-8fce43720b61,1648129367,1648129367,2323.0,1445767.0,2022-03-24 13:55:16 UTC
46a5d141-9760-4ac1-934f-8fce43720b61,1648129307,1648129307,2321.0,1445722.0,2022-03-24 13:55:16 UTC
46a5d141-9760-4ac1-934f-8fce43720b61,1648129247,1648129247,2331.0,1445677.0,2022-03-24 13:55:16 UTC
46a5d141-9760-4ac1-934f-8fce43720b61,1648129187,1648129187,2314.0,1445632.0,2022-03-24 13:55:16 UTC
46a5d141-9760-4ac1-934f-8fce43720b61,1648129127,1648129127,2300.0,1445586.0,2022-03-24 13:55:16 UTC
46a5d141-9760-4ac1-934f-8fce43720b61,1648129067,1648129067,2335.0,1445541.0,2022-03-24 13:55:16 UTC
46a5d141-9760-4ac1-934f-8fce43720b61,1648129007,1648129007,2334.0,1445495.0,2022-03-24 13:55:16 UTC
46a5d141-9760-4ac1-934f-8fce43720b61,1648128947,1648128947,2351.0,1445449.0,2022-03-24 13:55:16 UTC
46a5d141-9760-4ac1-934f-8fce43720b61,1648128887,1648128887,2327.0,1445403.0,2022-03-24 13:55:16 UTC
46a5d141-9760-4ac1-934f-8fce43720b61,1648128827,1648128827,2355.0,1445357.0,2022-03-24 13:55:16 UTC
46a5d141-9760-4ac1-934f-8fce43720b61,1648128767,1648128767,2365.0,1445310.0,2022-03-24 13:55:16 UTC
46a5d141-9760-4ac1-934f-8fce43720b61,1648128707,1648128707,2356.0,1445264.0,2022-03-24 13:55:16 UTC
46a5d141-9760-4ac1-934f-8fce43720b61,1648128647,1648128647,2368.0,1445217.0,2022-03-24 13:55:16 UTC
46a5d141-9760-4ac1-934f-8fce43720b61,1648128587,1648128587,2379.0,1445171.0,2022-03-24 13:55:16 UTC
46a5d141-9760-4ac1-934f-8fce43720b61,1648128527,1648128527,2353.0,1445124.0,2022-03-24 13:55:16 UTC
46a5d141-9760-4ac1-934f-8fce43720b61,1648128467,1648128467,2346.0,1445078.0,2022-03-24 13:55:16 UTC
46a5d141-9760-4ac1-934f-8fce43720b61,1648128407,1648128407,2313.0,1445032.0,2022-03-24 13:55:16 UTC
46a5d141-9760-4ac1-934f-8fce43720b61,1648128347,1648128347,2318.0,1444986.0,2022-03-24 13:55:16 UTC
46a5d141-9760-4ac1-934f-8fce43720b61,1648128287,1648128287,2326.0,1444941.0,2022-03-24 13:25:16 UTC
46a5d141-9760-4ac1-934f-8fce43720b61,1648128227,1648128227,2334.0,1444895.0,2022-03-24 13:25:16 UTC
46a5d141-9760-4ac1-934f-8fce43720b61,1648128167,1648128167,2340.0,1444849.0,2022-03-24 13:25:16 UTC
46a5d141-9760-4ac1-934f-8fce43720b61,1648128107,1648128107,2312.0,1444803.0,2022-03-24 13:25:16 UTC
46a5d141-9760-4ac1-934f-8fce43720b61,1648128047,1648128047,2340.0,1444758.0,2022-03-24 13:25:16 UTC
46a5d141-9760-4ac1-934f-8fce43720b61,1648127987,1648127987,2328.0,1444712.0,2022-03-24 13:25:16 UTC
46a5d141-9760-4ac1-934f-8fce43720b61,1648127927,1648127927,2353.0,1444666.0,2022-03-24 13:25:16 UTC
46a5d141-9760-4ac1-934f-8fce43720b61,1648127867,1648127867,2350.0,1444620.0,2022-03-24 13:25:16 UTC
46a5d141-9760-4ac1-934f-8fce43720b61,1648127807,1648127807,2341.0,1444574.0,2022-03-24 13:25:16 UTC
46a5d141-9760-4ac1-934f-8fce43720b61,1648127747,1648127747,2337.0,1444529.0,2022-03-24 13:25:16 UTC
46a5d141-9760-4ac1-934f-8fce43720b61,1648127687,1648127687,2359.0,1444483.0,2022-03-24 13:25:16 UTC
46a5d141-9760-4ac1-934f-8fce43720b61,1648127627,1648127627,2335.0,1444437.0,2022-03-24 13:25:16 UTC
46a5d141-9760-4ac1-934f-8fce43720b61,1648127567,1648127567,2341.0,1444391.0,2022-03-24 13:25:16 UTC
46a5d141-9760-4ac1-934f-8fce43720b61,1648127507,1648127507,2347.0,1444345.0,2022-03-24 13:25:16 UTC
46a5d141-9760-4ac1-934f-8fce43720b61,1648127447,1648127447,2342.0,1444299.0,2022-03-24 13:25:16 UTC
46a5d141-9760-4ac1-934f-8fce43720b61,1648127387,1648127387,2344.0,1444253.0,2022-03-24 13:25:16 UTC
46a5d141-9760-4ac1-934f-8fce43720b61,1648127327,1648127327,2308.0,1444207.0,2022-03-24 13:25:16 UTC
46a5d141-9760-4ac1-934f-8fce43720b61,1648127267,1648127267,2334.0,1444162.0,2022-03-24 13:25:16 UTC
46a5d141-9760-4ac1-934f-8fce43720b61,1648127207,1648127207,2342.0,1444116.0,2022-03-24 13:25:16 UTC
46a5d141-9760-4ac1-934f-8fce43720b61,1648127147,1648127147,2347.0,1444070.0,2022-03-24 13:25:16 UTC
46a5d141-9760-4ac1-934f-8fce43720b61,1648127087,1648127087,2314.0,1444024.0,2022-03-24 13:25:16 UTC
46a5d141-9760-4ac1-934f-8fce43720b61,1648127027,1648127027,2329.0,1443978.0,2022-03-24 13:25:16 UTC
46a5d141-9760-4ac1-934f-8fce43720b61,1648126967,1648126967,2348.0,1443932.0,2022-03-24 13:25:16 UTC
46a5d141-9760-4ac1-934f-8fce43720b61,1648126907,1648126907,2377.0,1443885.0,2022-03-24 13:25:16 UTC
46a5d141-9760-4ac1-934f-8fce43720b61,1648126847,1648126847,2368.0,1443839.0,2022-03-24 13:25:16 UTC
46a5d141-9760-4ac1-934f-8fce43720b61,1648126787,1648126787,2376.0,1443792.0,2022-03-24 13:25:16 UTC
46a5d141-9760-4ac1-934f-8fce43720b61,1648126727,1648126727,2363.0,1443746.0,2022-03-24 13:25:16 UTC
46a5d141-9760-4ac1-934f-8fce43720b61,1648126667,1648126667,2354.0,1443699.0,2022-03-24 13:25:16 UTC
46a5d141-9760-4ac1-934f-8fce43720b61,1648126607,1648126607,2363.0,1443652.0,2022-03-24 13:25:16 UTC
46a5d141-9760-4ac1-934f-8fce43720b61,1648126547,1648126547,2348.0,1443606.0,2022-03-24 13:25:16 UTC
46a5d141-9760-4ac1-934f-8fce43720b61,1648126487,1648126487,2344.0,1443560.0,2022-03-24 12:55:16 UTC
46a5d141-9760-4ac1-934f-8fce43720b61,1648126427,1648126427,2326.0,1443514.0,2022-03-24 12:55:16 UTC
46a5d141-9760-4ac1-934f-8fce43720b61,1648126367,1648126367,2363.0,1443469.0,2022-03-24 12:55:16 UTC
46a5d141-9760-4ac1-934f-8fce43720b61,1648126307,1648126307,2375.0,1443422.0,2022-03-24 12:55:16 UTC
46a5d141-9760-4ac1-934f-8fce43720b61,1648126247,1648126247,2378.0,1443375.0,2022-03-24 12:55:16 UTC
46a5d141-9760-4ac1-934f-8fce43720b61,1648126187,1648126187,2355.0,1443329.0,2022-03-24 12:55:16 UTC
46a5d141-9760-4ac1-934f-8fce43720b61,1648126127,1648126127,2363.0,1443283.0,2022-03-24 12:55:16 UTC
46a5d141-9760-4ac1-934f-8fce43720b61,1648126067,1648126067,2381.0,1443236.0,2022-03-24 12:55:16 UTC
46a5d141-9760-4ac1-934f-8fce43720b61,1648126007,1648126007,2363.0,1443190.0,2022-03-24 12:55:16 UTC
46a5d141-9760-4ac1-934f-8fce43720b61,1648125947,1648125947,2357.0,1443144.0,2022-03-24 12:55:16 UTC
46a5d141-9760-4ac1-934f-8fce43720b61,1648125887,1648125887,2383.0,1443097.0,2022-03-24 12:55:16 UTC
46a5d141-9760-4ac1-934f-8fce43720b61,1648125827,1648125827,2396.0,1443051.0,2022-03-24 12:55:16 UTC
46a5d141-9760-4ac1-934f-8fce43720b61,1648125767,1648125767,2381.0,1443004.0,2022-03-24 12:55:16 UTC
46a5d141-9760-4ac1-934f-8fce43720b61,1648125707,1648125707,2420.0,1442959.0,2022-03-24 12:55:16 UTC
46a5d141-9760-4ac1-934f-8fce43720b61,1648125647,1648125647,2406.0,1442914.0,2022-03-24 12:55:16 UTC
46a5d141-9760-4ac1-934f-8fce43720b61,1648125587,1648125587,2376.0,1442870.0,2022-03-24 12:55:16 UTC
46a5d141-9760-4ac1-934f-8fce43720b61,1648125527,1648125527,2385.0,1442827.0,2022-03-24 12:55:16 UTC
46a5d141-9760-4ac1-934f-8fce43720b61,1648125467,1648125467,2386.0,1442783.0,2022-03-24 12:55:16 UTC
46a5d141-9760-4ac1-934f-8fce43720b61,1648125407,1648125407,2403.0,1442739.0,2022-03-24 12:55:16 UTC
46a5d141-9760-4ac1-934f-8fce43720b61,1648125349,1648125347,2371.0,1442693.0,2022-03-24 12:55:16 UTC
46a5d141-9760-4ac1-934f-8fce43720b61,1648125287,1648125287,2391.0,1442647.0,2022-03-24 12:55:16 UTC
46a5d141-9760-4ac1-934f-8fce43720b61,1648125227,1648125227,2354.0,1442600.0,2022-03-24 12:55:16 UTC
46a5d141-9760-4ac1-934f-8fce43720b61,1648125167,1648125167,2363.0,1442553.0,2022-03-24 12:55:16 UTC
46a5d141-9760-4ac1-934f-8fce43720b61,1648125107,1648125107,2360.0,1442507.0,2022-03-24 12:55:16 UTC
46a5d141-9760-4ac1-934f-8fce43720b61,1648125047,1648125047,2349.0,1442461.0,2022-03-24 12:55:16 UTC
46a5d141-9760-4ac1-934f-8fce43720b61,1648124987,1648124987,2377.0,1442415.0,2022-03-24 12:55:16 UTC
46a5d141-9760-4ac1-934f-8fce43720b61,1648124927,1648124927,2378.0,1442369.0,2022-03-24 12:55:16 UTC
46a5d141-9760-4ac1-934f-8fce43720b61,1648124867,1648124867,2368.0,1442322.0,2022-03-24 12:55:16 UTC
46a5d141-9760-4ac1-934f-8fce43720b61,1648124807,1648124807,2357.0,1442276.0,2022-03-24 12:55:16 UTC
46a5d141-9760-4ac1-934f-8fce43720b61,1648124747,1648124747,2381.0,1442229.0,2022-03-24 12:55:16 UTC
46a5d141-9760-4ac1-934f-8fce43720b61,1648124688,1648124687,2346.0,1442183.0,2022-03-24 12:25:26 UTC
46a5d141-9760-4ac1-934f-8fce43720b61,1648124627,1648124627,2383.0,1442137.0,2022-03-24 12:24:30 UTC
46a5d141-9760-4ac1-934f-8fce43720b61,1648124567,1648124567,2352.0,1442091.0,2022-03-24 12:24:30 UTC
46a5d141-9760-4ac1-934f-8fce43720b61,1648124507,1648124507,2362.0,1442044.0,2022-03-24 12:24:30 UTC
46a5d141-9760-4ac1-934f-8fce43720b61,1648124447,1648124447,2373.0,1441998.0,2022-03-24 12:24:30 UTC
46a5d141-9760-4ac1-934f-8fce43720b61,1648124387,1648124387,2363.0,1441951.0,2022-03-24 12:24:30 UTC
46a5d141-9760-4ac1-934f-8fce43720b61,1648124327,1648124327,2376.0,1441905.0,2022-03-24 12:24:30 UTC
46a5d141-9760-4ac1-934f-8fce43720b61,1648124267,1648124267,2383.0,1441858.0,2022-03-24 12:24:30 UTC
46a5d141-9760-4ac1-934f-8fce43720b61,1648124207,1648124207,2384.0,1441811.0,2022-03-24 12:24:30 UTC
46a5d141-9760-4ac1-934f-8fce43720b61,1648124147,1648124147,2390.0,1441764.0,2022-03-24 12:16:15 UTC
46a5d141-9760-4ac1-934f-8fce43720b61,1648124087,1648124087,2398.0,1441717.0,2022-03-24 12:16:15 UTC
46a5d141-9760-4ac1-934f-8fce43720b61,1648124027,1648124027,2388.0,1441670.0,2022-03-24 12:14:38 UTC
46a5d141-9760-4ac1-934f-8fce43720b61,1648123967,1648123967,2381.0,1441624.0,2022-03-24 12:12:50 UTC
46a5d141-9760-4ac1-934f-8fce43720b61,1648123907,1648123907,2374.0,1441577.0,2022-03-24 12:12:50 UTC
46a5d141-9760-4ac1-934f-8fce43720b61,1648123847,1648123847,2396.0,1441530.0,2022-03-24 12:12:50 UTC
46a5d141-9760-4ac1-934f-8fce43720b61,1648123787,1648123787,2394.0,1441484.0,2022-03-24 12:10:16 UTC
46a5d141-9760-4ac1-934f-8fce43720b61,1648123727,1648123727,2396.0,1441437.0,2022-03-24 12:08:46 UTC
46a5d141-9760-4ac1-934f-8fce43720b61,1648123667,1648123667,2392.0,1441390.0,2022-03-24 12:08:11 UTC
46a5d141-9760-4ac1-934f-8fce43720b61,1648123607,1648123607,2393.0,1441344.0,2022-03-24 12:08:11 UTC
46a5d141-9760-4ac1-934f-8fce43720b61,1648123547,1648123547,2394.0,1441297.0,2022-03-24 12:08:11 UTC
46a5d141-9760-4ac1-934f-8fce43720b61,1648123487,1648123487,2366.0,1441251.0,2022-03-24 12:04:53 UTC
46a5d141-9760-4ac1-934f-8fce43720b61,1648123427,1648123427,2377.0,1441204.0,2022-03-24 12:04:53 UTC
46a5d141-9760-4ac1-934f-8fce43720b61,1648123367,1648123367,2351.0,1441157.0,2022-03-24 12:04:53 UTC
46a5d141-9760-4ac1-934f-8fce43720b61,1648123307,1648123307,2353.0,1441111.0,2022-03-24 12:04:53 UTC
46a5d141-9760-4ac1-934f-8fce43720b61,1648123247,1648123247,2387.0,1441065.0,2022-03-24 12:04:53 UTC
46a5d141-9760-4ac1-934f-8fce43720b61,1648123187,1648123187,2365.0,1441018.0,2022-03-24 12:04:53 UTC
46a5d141-9760-4ac1-934f-8fce43720b61,1648123127,1648123127,2352.0,1440972.0,2022-03-24 12:04:53 UTC
46a5d141-9760-4ac1-934f-8fce43720b61,1648123069,1648123067,2346.0,1440926.0,2022-03-24 11:58:00 UTC
46a5d141-9760-4ac1-934f-8fce43720b61,1648123008,1648123007,2373.0,1440879.0,2022-03-24 11:57:15 UTC
46a5d141-9760-4ac1-934f-8fce43720b61,1648122947,1648122947,2383.0,1440833.0,2022-03-24 11:57:15 UTC
46a5d141-9760-4ac1-934f-8fce43720b61,1648122887,1648122887,2362.0,1440786.0,2022-03-24 11:57:15 UTC
46a5d141-9760-4ac1-934f-8fce43720b61,1648122827,1648122827,2389.0,1440741.0,2022-03-24 11:57:15 UTC
46a5d141-9760-4ac1-934f-8fce43720b61,1648122767,1648122767,2370.0,1440694.0,2022-03-24 11:53:16 UTC
46a5d141-9760-4ac1-934f-8fce43720b61,1648122707,1648122707,2399.0,1440647.0,2022-03-24 11:53:16 UTC
46a5d141-9760-4ac1-934f-8fce43720b61,1648122647,1648122647,2405.0,1440600.0,2022-03-24 11:53:16 UTC
46a5d141-9760-4ac1-934f-8fce43720b61,1648122587,1648122587,2376.0,1440553.0,2022-03-24 11:50:07 UTC
46a5d141-9760-4ac1-934f-8fce43720b61,1648122527,1648122527,2347.0,1440507.0,2022-03-24 11:50:07 UTC
46a5d141-9760-4ac1-934f-8fce43720b61,1648122467,1648122467,2358.0,1440461.0,2022-03-24 11:50:07 UTC
46a5d141-9760-4ac1-934f-8fce43720b61,1648122407,1648122407,2363.0,1440416.0,2022-03-24 11:50:07 UTC
46a5d141-9760-4ac1-934f-8fce43720b61,1648122347,1648122347,2365.0,1440370.0,2022-03-24 11:50:07 UTC
46a5d141-9760-4ac1-934f-8fce43720b61,1648122287,1648122287,2374.0,1440324.0,2022-03-24 11:50:07 UTC
46a5d141-9760-4ac1-934f-8fce43720b61,1648122227,1648122227,2417.0,1440277.0,2022-03-24 11:50:07 UTC
46a5d141-9760-4ac1-934f-8fce43720b61,1648122167,1648122167,2402.0,1440230.0,2022-03-24 11:50:07 UTC
46a5d141-9760-4ac1-934f-8fce43720b61,1648122108,1648122107,2389.0,1440183.0,2022-03-24 11:50:07 UTC
46a5d141-9760-4ac1-934f-8fce43720b61,1648122041,1648122042,2385.0,1440155.0,2022-03-24 11:50:07 UTC
46a5d141-9760-4ac1-934f-8fce43720b61,1648121982,1648121982,2392.0,1440112.0,2022-03-24 11:40:35 UTC
46a5d141-9760-4ac1-934f-8fce43720b61,1648121921,1648121922,2386.0,1440068.0,2022-03-24 11:40:35 UTC
46a5d141-9760-4ac1-934f-8fce43720b61,1648121862,1648121862,2370.0,1440024.0,2022-03-24 11:37:47 UTC
46a5d141-9760-4ac1-934f-8fce43720b61,1648121802,1648121802,2395.0,1439980.0,2022-03-24 11:37:47 UTC
46a5d141-9760-4ac1-934f-8fce43720b61,1648121741,1648121742,2403.0,1439936.0,2022-03-24 11:37:47 UTC
46a5d141-9760-4ac1-934f-8fce43720b61,1648121681,1648121682,2387.0,1439892.0,2022-03-24 11:37:47 UTC
46a5d141-9760-4ac1-934f-8fce43720b61,1648121621,1648121622,2401.0,1439848.0,2022-03-24 11:37:47 UTC
46a5d141-9760-4ac1-934f-8fce43720b61,1648121561,1648121562,2380.0,1439804.0,2022-03-24 11:37:47 UTC
46a5d141-9760-4ac1-934f-8fce43720b61,1648121501,1648121502,2377.0,1439760.0,2022-03-24 11:37:47 UTC
46a5d141-9760-4ac1-934f-8fce43720b61,1648121441,1648121442,2380.0,1439717.0,2022-03-24 11:37:47 UTC
46a5d141-9760-4ac1-934f-8fce43720b61,1648121381,1648121382,2412.0,1439673.0,2022-03-24 11:30:30 UTC
46a5d141-9760-4ac1-934f-8fce43720b61,1648121321,1648121322,2390.0,1439628.0,2022-03-24 11:30:30 UTC
46a5d141-9760-4ac1-934f-8fce43720b61,1648121261,1648121262,2408.0,1439584.0,2022-03-24 11:30:30 UTC
46a5d141-9760-4ac1-934f-8fce43720b61,1648121202,1648121202,2399.0,1439538.0,2022-03-24 11:30:30 UTC
46a5d141-9760-4ac1-934f-8fce43720b61,1648121141,1648121142,2422.0,1439491.0,2022-03-24 11:30:30 UTC
46a5d141-9760-4ac1-934f-8fce43720b61,1648121081,1648121082,2386.0,1439444.0,2022-03-24 11:30:30 UTC
46a5d141-9760-4ac1-934f-8fce43720b61,1648121022,1648121022,2397.0,1439400.0,2022-03-24 11:30:30 UTC
46a5d141-9760-4ac1-934f-8fce43720b61,1648120962,1648120962,2387.0,1439354.0,2022-03-24 11:30:30 UTC
46a5d141-9760-4ac1-934f-8fce43720b61,1648120902,1648120902,2401.0,1439307.0,2022-03-24 11:30:30 UTC
46a5d141-9760-4ac1-934f-8fce43720b61,1648120842,1648120842,2375.0,1439261.0,2022-03-24 11:30:30 UTC
46a5d141-9760-4ac1-934f-8fce43720b61,1648120782,1648120782,2406.0,1439216.0,2022-03-24 11:30:30 UTC
46a5d141-9760-4ac1-934f-8fce43720b61,1648120725,1648120722,2414.0,1439172.0,2022-03-24 11:30:30 UTC
46a5d141-9760-4ac1-934f-8fce43720b61,1648120662,1648120662,2412.0,1439125.0,2022-03-24 11:30:30 UTC
46a5d141-9760-4ac1-934f-8fce43720b61,1648120602,1648120602,2398.0,1439079.0,2022-03-24 11:30:30 UTC
46a5d141-9760-4ac1-934f-8fce43720b61,1648120542,1648120542,2391.0,1439034.0,2022-03-24 11:30:30 UTC
46a5d141-9760-4ac1-934f-8fce43720b61,1648120483,1648120482,2419.0,1438990.0,2022-03-24 11:30:30 UTC
46a5d141-9760-4ac1-934f-8fce43720b61,1648120422,1648120422,2432.0,1438945.0,2022-03-24 11:30:30 UTC
46a5d141-9760-4ac1-934f-8fce43720b61,1648120362,1648120362,2423.0,1438901.0,2022-03-24 11:30:30 UTC
46a5d141-9760-4ac1-934f-8fce43720b61,1648120301,1648120302,2423.0,1438855.0,2022-03-24 11:12:15 UTC
46a5d141-9760-4ac1-934f-8fce43720b61,1648120241,1648120242,2429.0,1438810.0,2022-03-24 11:12:15 UTC
46a5d141-9760-4ac1-934f-8fce43720b61,1648120183,1648120182,2415.0,1438766.0,2022-03-24 11:12:15 UTC
46a5d141-9760-4ac1-934f-8fce43720b61,1648120122,1648120122,2406.0,1438721.0,2022-03-24 11:12:15 UTC
46a5d141-9760-4ac1-934f-8fce43720b61,1648120061,1648120062,2405.0,1438677.0,2022-03-24 11:12:15 UTC
46a5d141-9760-4ac1-934f-8fce43720b61,1648120004,1648120002,2422.0,1438631.0,2022-03-24 11:12:15 UTC
46a5d141-9760-4ac1-934f-8fce43720b61,1648119942,1648119942,2439.0,1438585.0,2022-03-24 11:12:15 UTC
46a5d141-9760-4ac1-934f-8fce43720b61,1648119882,1648119882,2446.0,1438538.0,2022-03-24 11:12:15 UTC
46a5d141-9760-4ac1-934f-8fce43720b61,1648119821,1648119822,2446.0,1438493.0,2022-03-24 11:12:15 UTC
46a5d141-9760-4ac1-934f-8fce43720b61,1648119762,1648119762,2467.0,1438446.0,2022-03-24 11:12:15 UTC
46a5d141-9760-4ac1-934f-8fce43720b61,1648119702,1648119702,2448.0,1438399.0,2022-03-24 11:12:15 UTC
46a5d141-9760-4ac1-934f-8fce43720b61,1648119643,1648119642,2426.0,1438354.0,2022-03-24 11:12:15 UTC
46a5d141-9760-4ac1-934f-8fce43720b61,1648119581,1648119582,2446.0,1438309.0,2022-03-24 11:12:15 UTC
46a5d141-9760-4ac1-934f-8fce43720b61,1648119522,1648119522,2435.0,1438263.0,2022-03-24 11:12:15 UTC
46a5d141-9760-4ac1-934f-8fce43720b61,1648119461,1648119462,2446.0,1438217.0,2022-03-24 11:12:15 UTC
46a5d141-9760-4ac1-934f-8fce43720b61,1648119401,1648119402,2437.0,1438170.0,2022-03-24 11:12:15 UTC
46a5d141-9760-4ac1-934f-8fce43720b61,1648119342,1648119342,2453.0,1438122.0,2022-03-24 11:12:15 UTC
46a5d141-9760-4ac1-934f-8fce43720b61,1648119283,1648119282,2460.0,1438075.0,2022-03-24 11:12:15 UTC
46a5d141-9760-4ac1-934f-8fce43720b61,1648119222,1648119222,2446.0,1438027.0,2022-03-24 11:12:15 UTC
46a5d141-9760-4ac1-934f-8fce43720b61,1648119162,1648119162,2430.0,1437980.0,2022-03-24 11:12:15 UTC
46a5d141-9760-4ac1-934f-8fce43720b61,1648119102,1648119102,2428.0,1437933.0,2022-03-24 11:12:15 UTC
46a5d141-9760-4ac1-934f-8fce43720b61,1648119041,1648119042,2436.0,1437887.0,2022-03-24 11:12:15 UTC
46a5d141-9760-4ac1-934f-8fce43720b61,1648118982,1648118982,2455.0,1437842.0,2022-03-24 11:12:15 UTC
46a5d141-9760-4ac1-934f-8fce43720b61,1648118923,1648118922,2446.0,1437797.0,2022-03-24 11:12:15 UTC
46a5d141-9760-4ac1-934f-8fce43720b61,1648118862,1648118862,2452.0,1437751.0,2022-03-24 11:12:15 UTC
46a5d141-9760-4ac1-934f-8fce43720b61,1648118802,1648118802,2419.0,1437705.0,2022-03-24 11:12:15 UTC
46a5d141-9760-4ac1-934f-8fce43720b61,1648118742,1648118742,2467.0,1437660.0,2022-03-24 11:12:15 UTC
46a5d141-9760-4ac1-934f-8fce43720b61,1648118682,1648118682,2478.0,1437612.0,2022-03-24 11:12:15 UTC
46a5d141-9760-4ac1-934f-8fce43720b61,1648118622,1648118622,2477.0,1437565.0,2022-03-24 11:12:15 UTC
46a5d141-9760-4ac1-934f-8fce43720b61,1648118562,1648118562,2470.0,1437516.0,2022-03-24 11:12:15 UTC
46a5d141-9760-4ac1-934f-8fce43720b61,1648118502,1648118502,2461.0,1437469.0,2022-03-24 10:42:11 UTC
46a5d141-9760-4ac1-934f-8fce43720b61,1648118442,1648118442,2469.0,1437421.0,2022-03-24 10:42:11 UTC
46a5d141-9760-4ac1-934f-8fce43720b61,1648118381,1648118382,2465.0,1437373.0,2022-03-24 10:42:11 UTC
46a5d141-9760-4ac1-934f-8fce43720b61,1648118322,1648118322,2485.0,1437325.0,2022-03-24 10:42:11 UTC
46a5d141-9760-4ac1-934f-8fce43720b61,1648118261,1648118262,2462.0,1437279.0,2022-03-24 10:42:11 UTC
46a5d141-9760-4ac1-934f-8fce43720b61,1648118202,1648118202,2494.0,1437233.0,2022-03-24 10:42:11 UTC
46a5d141-9760-4ac1-934f-8fce43720b61,1648118141,1648118142,2465.0,1437188.0,2022-03-24 10:42:11 UTC
46a5d141-9760-4ac1-934f-8fce43720b61,1648118082,1648118082,2486.0,1437142.0,2022-03-24 10:42:11 UTC
46a5d141-9760-4ac1-934f-8fce43720b61,1648118023,1648118022,2500.0,1437096.0,2022-03-24 10:42:11 UTC
46a5d141-9760-4ac1-934f-8fce43720b61,1648117961,1648117962,2478.0,1437051.0,2022-03-24 10:42:11 UTC
46a5d141-9760-4ac1-934f-8fce43720b61,1648117902,1648117902,2470.0,1437004.0,2022-03-24 10:42:11 UTC
46a5d141-9760-4ac1-934f-8fce43720b61,1648117841,1648117842,2483.0,1436957.0,2022-03-24 10:42:11 UTC
46a5d141-9760-4ac1-934f-8fce43720b61,1648117781,1648117782,2496.0,1436911.0,2022-03-24 10:42:11 UTC
46a5d141-9760-4ac1-934f-8fce43720b61,1648117721,1648117722,2484.0,1436865.0,2022-03-24 10:42:11 UTC
46a5d141-9760-4ac1-934f-8fce43720b61,1648117662,1648117662,2491.0,1436819.0,2022-03-24 10:42:11 UTC
46a5d141-9760-4ac1-934f-8fce43720b61,1648117602,1648117602,2494.0,1436773.0,2022-03-24 10:42:11 UTC
46a5d141-9760-4ac1-934f-8fce43720b61,1648117542,1648117542,2484.0,1436727.0,2022-03-24 10:42:11 UTC
46a5d141-9760-4ac1-934f-8fce43720b61,1648117482,1648117482,2518.0,1436681.0,2022-03-24 10:42:11 UTC
46a5d141-9760-4ac1-934f-8fce43720b61,1648117422,1648117422,2503.0,1436635.0,2022-03-24 10:42:11 UTC
46a5d141-9760-4ac1-934f-8fce43720b61,1648117362,1648117362,2491.0,1436589.0,2022-03-24 10:42:11 UTC
46a5d141-9760-4ac1-934f-8fce43720b61,1648117302,1648117302,2477.0,1436543.0,2022-03-24 10:42:11 UTC
46a5d141-9760-4ac1-934f-8fce43720b61,1648117242,1648117242,2498.0,1436497.0,2022-03-24 10:42:11 UTC
46a5d141-9760-4ac1-934f-8fce43720b61,1648117182,1648117182,2526.0,1436451.0,2022-03-24 10:42:11 UTC
46a5d141-9760-4ac1-934f-8fce43720b61,1648117122,1648117122,2532.0,1436404.0,2022-03-24 10:42:11 UTC
46a5d141-9760-4ac1-934f-8fce43720b61,1648117062,1648117062,2526.0,1436357.0,2022-03-24 10:42:11 UTC
46a5d141-9760-4ac1-934f-8fce43720b61,1648117002,1648117002,2557.0,1436311.0,2022-03-24 10:42:11 UTC
46a5d141-9760-4ac1-934f-8fce43720b61,1648116942,1648116942,2554.0,1436262.0,2022-03-24 10:42:11 UTC
46a5d141-9760-4ac1-934f-8fce43720b61,1648116882,1648116882,2527.0,1436212.0,2022-03-24 10:42:11 UTC
46a5d141-9760-4ac1-934f-8fce43720b61,1648116822,1648116822,2549.0,1436163.0,2022-03-24 10:42:11 UTC
46a5d141-9760-4ac1-934f-8fce43720b61,1648116762,1648116762,2568.0,1436113.0,2022-03-24 10:42:11 UTC
46a5d141-9760-4ac1-934f-8fce43720b61,1648116701,1648116702,2569.0,1436063.0,2022-03-24 10:11:40 UTC
46a5d141-9760-4ac1-934f-8fce43720b61,1648116642,1648116642,2587.0,1436012.0,2022-03-24 10:11:40 UTC
46a5d141-9760-4ac1-934f-8fce43720b61,1648116582,1648116582,2569.0,1435962.0,2022-03-24 10:11:40 UTC
46a5d141-9760-4ac1-934f-8fce43720b61,1648116522,1648116522,2583.0,1435911.0,2022-03-24 10:11:40 UTC
46a5d141-9760-4ac1-934f-8fce43720b61,1648116461,1648116462,2563.0,1435861.0,2022-03-24 10:11:40 UTC
46a5d141-9760-4ac1-934f-8fce43720b61,1648116447,1648116447,2571.0,1435867.0,2022-03-24 10:11:40 UTC
46a5d141-9760-4ac1-934f-8fce43720b61,1648116387,1648116387,2591.0,1435818.0,2022-03-24 10:11:40 UTC
46a5d141-9760-4ac1-934f-8fce43720b61,1648116327,1648116327,2596.0,1435768.0,2022-03-24 10:11:40 UTC
46a5d141-9760-4ac1-934f-8fce43720b61,1648116266,1648116267,2594.0,1435717.0,2022-03-24 10:11:40 UTC
46a5d141-9760-4ac1-934f-8fce43720b61,1648116206,1648116207,2598.0,1435667.0,2022-03-24 10:11:40 UTC
46a5d141-9760-4ac1-934f-8fce43720b61,1648116147,1648116147,2589.0,1435616.0,2022-03-24 10:11:40 UTC
46a5d141-9760-4ac1-934f-8fce43720b61,1648116087,1648116087,2601.0,1435566.0,2022-03-24 10:11:40 UTC
46a5d141-9760-4ac1-934f-8fce43720b61,1648116027,1648116027,2623.0,1435517.0,2022-03-24 10:11:40 UTC
46a5d141-9760-4ac1-934f-8fce43720b61,1648115967,1648115967,2592.0,1435467.0,2022-03-24 10:11:40 UTC
46a5d141-9760-4ac1-934f-8fce43720b61,1648115907,1648115907,2592.0,1435417.0,2022-03-24 10:11:40 UTC
46a5d141-9760-4ac1-934f-8fce43720b61,1648115847,1648115847,2605.0,1435368.0,2022-03-24 10:11:40 UTC
46a5d141-9760-4ac1-934f-8fce43720b61,1648115787,1648115787,2616.0,1435317.0,2022-03-24 10:11:40 UTC
46a5d141-9760-4ac1-934f-8fce43720b61,1648115727,1648115727,2626.0,1435268.0,2022-03-24 10:11:40 UTC
46a5d141-9760-4ac1-934f-8fce43720b61,1648115667,1648115667,2615.0,1435218.0,2022-03-24 10:11:40 UTC
46a5d141-9760-4ac1-934f-8fce43720b61,1648115606,1648115607,2641.0,1435167.0,2022-03-24 10:11:40 UTC
46a5d141-9760-4ac1-934f-8fce43720b61,1648115547,1648115547,2619.0,1435119.0,2022-03-24 10:11:40 UTC
46a5d141-9760-4ac1-934f-8fce43720b61,1648115490,1648115487,2638.0,1435069.0,2022-03-24 10:11:40 UTC
46a5d141-9760-4ac1-934f-8fce43720b61,1648115429,1648115427,2636.0,1435017.0,2022-03-24 10:11:40 UTC
46a5d141-9760-4ac1-934f-8fce43720b61,1648115367,1648115367,2607.0,1434966.0,2022-03-24 10:11:40 UTC
46a5d141-9760-4ac1-934f-8fce43720b61,1648115307,1648115307,2621.0,1434917.0,2022-03-24 10:11:40 UTC
46a5d141-9760-4ac1-934f-8fce43720b61,1648115246,1648115247,2587.0,1434868.0,2022-03-24 10:11:40 UTC
46a5d141-9760-4ac1-934f-8fce43720b61,1648115188,1648115187,2587.0,1434821.0,2022-03-24 10:11:40 UTC
46a5d141-9760-4ac1-934f-8fce43720b61,1648115127,1648115127,2599.0,1434773.0,2022-03-24 10:11:40 UTC
46a5d141-9760-4ac1-934f-8fce43720b61,1648115067,1648115067,2637.0,1434725.0,2022-03-24 10:11:40 UTC
46a5d141-9760-4ac1-934f-8fce43720b61,1648115006,1648115007,2621.0,1434677.0,2022-03-24 10:11:40 UTC
46a5d141-9760-4ac1-934f-8fce43720b61,1648114947,1648114947,2622.0,1434628.0,2022-03-24 10:11:40 UTC
46a5d141-9760-4ac1-934f-8fce43720b61,1648114887,1648114887,2654.0,1434580.0,2022-03-24 09:42:11 UTC
46a5d141-9760-4ac1-934f-8fce43720b61,1648114828,1648114827,2639.0,1434531.0,2022-03-24 09:42:11 UTC
46a5d141-9760-4ac1-934f-8fce43720b61,1648114767,1648114767,2650.0,1434482.0,2022-03-24 09:42:11 UTC
46a5d141-9760-4ac1-934f-8fce43720b61,1648114707,1648114707,2654.0,1434433.0,2022-03-24 09:42:11 UTC
46a5d141-9760-4ac1-934f-8fce43720b61,1648114647,1648114647,2643.0,1434385.0,2022-03-24 09:42:11 UTC
46a5d141-9760-4ac1-934f-8fce43720b61,1648114587,1648114587,2606.0,1434336.0,2022-03-24 09:42:10 UTC
46a5d141-9760-4ac1-934f-8fce43720b61,1648114527,1648114527,2648.0,1434287.0,2022-03-24 09:42:10 UTC
46a5d141-9760-4ac1-934f-8fce43720b61,1648114467,1648114467,2664.0,1434238.0,2022-03-24 09:42:10 UTC
46a5d141-9760-4ac1-934f-8fce43720b61,1648114407,1648114407,2666.0,1434189.0,2022-03-24 09:42:10 UTC
46a5d141-9760-4ac1-934f-8fce43720b61,1648114347,1648114347,2673.0,1434140.0,2022-03-24 09:42:10 UTC
46a5d141-9760-4ac1-934f-8fce43720b61,1648114287,1648114287,2681.0,1434090.0,2022-03-24 09:42:10 UTC
46a5d141-9760-4ac1-934f-8fce43720b61,1648114226,1648114227,2666.0,1434041.0,2022-03-24 09:42:10 UTC
46a5d141-9760-4ac1-934f-8fce43720b61,1648114167,1648114167,2678.0,1433992.0,2022-03-24 09:42:10 UTC
46a5d141-9760-4ac1-934f-8fce43720b61,1648114107,1648114107,2660.0,1433942.0,2022-03-24 09:42:10 UTC
46a5d141-9760-4ac1-934f-8fce43720b61,1648114047,1648114047,2666.0,1433894.0,2022-03-24 09:42:10 UTC
46a5d141-9760-4ac1-934f-8fce43720b61,1648113987,1648113987,2684.0,1433844.0,2022-03-24 09:42:10 UTC
46a5d141-9760-4ac1-934f-8fce43720b61,1648113926,1648113927,2656.0,1433795.0,2022-03-24 09:42:10 UTC
46a5d141-9760-4ac1-934f-8fce43720b61,1648113867,1648113867,2642.0,1433745.0,2022-03-24 09:42:10 UTC
46a5d141-9760-4ac1-934f-8fce43720b61,1648113807,1648113807,2667.0,1433696.0,2022-03-24 09:42:10 UTC
46a5d141-9760-4ac1-934f-8fce43720b61,1648113747,1648113747,2675.0,1433643.0,2022-03-24 09:42:10 UTC
46a5d141-9760-4ac1-934f-8fce43720b61,1648113687,1648113687,2669.0,1433593.0,2022-03-24 09:42:10 UTC
46a5d141-9760-4ac1-934f-8fce43720b61,1648113627,1648113627,2653.0,1433543.0,2022-03-24 09:42:10 UTC
46a5d141-9760-4ac1-934f-8fce43720b61,1648113567,1648113567,2663.0,1433490.0,2022-03-24 09:42:10 UTC
46a5d141-9760-4ac1-934f-8fce43720b61,1648113507,1648113507,2662.0,1433438.0,2022-03-24 09:42:10 UTC
46a5d141-9760-4ac1-934f-8fce43720b61,1648113447,1648113447,2681.0,1433388.0,2022-03-24 09:42:10 UTC
46a5d141-9760-4ac1-934f-8fce43720b61,1648113387,1648113387,2696.0,1433335.0,2022-03-24 09:42:10 UTC
46a5d141-9760-4ac1-934f-8fce43720b61,1648113326,1648113327,2684.0,1433282.0,2022-03-24 09:42:10 UTC
46a5d141-9760-4ac1-934f-8fce43720b61,1648113267,1648113267,2671.0,1433230.0,2022-03-24 09:42:10 UTC
46a5d141-9760-4ac1-934f-8fce43720b61,1648113206,1648113207,2676.0,1433178.0,2022-03-24 09:42:10 UTC
46a5d141-9760-4ac1-934f-8fce43720b61,1648113147,1648113147,2675.0,1433125.0,2022-03-24 09:42:10 UTC
46a5d141-9760-4ac1-934f-8fce43720b61,1648113087,1648113087,2651.0,1433073.0,2022-03-24 09:11:28 UTC
46a5d141-9760-4ac1-934f-8fce43720b61,1648113027,1648113027,2641.0,1433021.0,2022-03-24 09:11:28 UTC
46a5d141-9760-4ac1-934f-8fce43720b61,1648112967,1648112967,2632.0,1432970.0,2022-03-24 09:11:28 UTC
46a5d141-9760-4ac1-934f-8fce43720b61,1648112906,1648112907,2609.0,1432918.0,2022-03-24 09:11:28 UTC
46a5d141-9760-4ac1-934f-8fce43720b61,1648112847,1648112847,2614.0,1432867.0,2022-03-24 09:11:28 UTC
46a5d141-9760-4ac1-934f-8fce43720b61,1648112787,1648112787,2619.0,1432815.0,2022-03-24 09:11:28 UTC
46a5d141-9760-4ac1-934f-8fce43720b61,1648112727,1648112727,2587.0,1432765.0,2022-03-24 09:11:28 UTC
46a5d141-9760-4ac1-934f-8fce43720b61,1648112667,1648112667,2590.0,1432717.0,2022-03-24 09:11:28 UTC
46a5d141-9760-4ac1-934f-8fce43720b61,1648112607,1648112607,2639.0,1432668.0,2022-03-24 09:11:28 UTC
46a5d141-9760-4ac1-934f-8fce43720b61,1648112547,1648112547,2648.0,1432620.0,2022-03-24 09:11:28 UTC
46a5d141-9760-4ac1-934f-8fce43720b61,1648112487,1648112487,2647.0,1432571.0,2022-03-24 09:11:28 UTC
46a5d141-9760-4ac1-934f-8fce43720b61,1648112426,1648112427,2657.0,1432522.0,2022-03-24 09:11:28 UTC
46a5d141-9760-4ac1-934f-8fce43720b61,1648112367,1648112367,2660.0,1432473.0,2022-03-24 09:11:28 UTC
46a5d141-9760-4ac1-934f-8fce43720b61,1648112307,1648112307,2675.0,1432421.0,2022-03-24 09:11:28 UTC
46a5d141-9760-4ac1-934f-8fce43720b61,1648112247,1648112247,2683.0,1432371.0,2022-03-24 09:11:28 UTC
46a5d141-9760-4ac1-934f-8fce43720b61,1648112190,1648112187,2720.0,1432321.0,2022-03-24 09:11:28 UTC
46a5d141-9760-4ac1-934f-8fce43720b61,1648112126,1648112127,2686.0,1432272.0,2022-03-24 09:11:28 UTC
46a5d141-9760-4ac1-934f-8fce43720b61,1648112066,1648112067,2689.0,1432222.0,2022-03-24 09:11:28 UTC
46a5d141-9760-4ac1-934f-8fce43720b61,1648112008,1648112007,2711.0,1432169.0,2022-03-24 09:11:28 UTC
46a5d141-9760-4ac1-934f-8fce43720b61,1648111947,1648111947,2684.0,1432116.0,2022-03-24 09:11:28 UTC
46a5d141-9760-4ac1-934f-8fce43720b61,1648111886,1648111887,2667.0,1432063.0,2022-03-24 09:11:28 UTC
46a5d141-9760-4ac1-934f-8fce43720b61,1648111827,1648111827,2641.0,1432013.0,2022-03-24 09:11:28 UTC
46a5d141-9760-4ac1-934f-8fce43720b61,1648111767,1648111767,2670.0,1431963.0,2022-03-24 09:11:28 UTC
46a5d141-9760-4ac1-934f-8fce43720b61,1648111706,1648111707,2680.0,1431911.0,2022-03-24 09:11:28 UTC
46a5d141-9760-4ac1-934f-8fce43720b61,1648111647,1648111647,2682.0,1431858.0,2022-03-24 09:11:28 UTC
46a5d141-9760-4ac1-934f-8fce43720b61,1648111587,1648111587,2717.0,1431805.0,2022-03-24 09:11:28 UTC
46a5d141-9760-4ac1-934f-8fce43720b61,1648111527,1648111527,2695.0,1431751.0,2022-03-24 09:11:28 UTC
46a5d141-9760-4ac1-934f-8fce43720b61,1648111467,1648111467,2708.0,1431699.0,2022-03-24 09:11:28 UTC
46a5d141-9760-4ac1-934f-8fce43720b61,1648111407,1648111407,2689.0,1431645.0,2022-03-24 09:11:28 UTC
46a5d141-9760-4ac1-934f-8fce43720b61,1648111347,1648111347,2669.0,1431592.0,2022-03-24 09:11:28 UTC
46a5d141-9760-4ac1-934f-8fce43720b61,1648111287,1648111287,2678.0,1431540.0,2022-03-24 09:11:28 UTC
46a5d141-9760-4ac1-934f-8fce43720b61,1648111227,1648111227,2626.0,1431489.0,2022-03-24 09:11:28 UTC
46a5d141-9760-4ac1-934f-8fce43720b61,1648111169,1648111167,2646.0,1431441.0,2022-03-24 08:40:09 UTC
46a5d141-9760-4ac1-934f-8fce43720b61,1648111107,1648111107,2646.0,1431389.0,2022-03-24 08:40:09 UTC
46a5d141-9760-4ac1-934f-8fce43720b61,1648111046,1648111047,2658.0,1431336.0,2022-03-24 08:40:09 UTC
46a5d141-9760-4ac1-934f-8fce43720b61,1648110987,1648110987,2612.0,1431285.0,2022-03-24 08:40:09 UTC
46a5d141-9760-4ac1-934f-8fce43720b61,1648110927,1648110927,2696.0,1431234.0,2022-03-24 08:40:09 UTC
46a5d141-9760-4ac1-934f-8fce43720b61,1648110867,1648110867,2706.0,1431184.0,2022-03-24 08:40:09 UTC
46a5d141-9760-4ac1-934f-8fce43720b61,1648110807,1648110807,2651.0,1431134.0,2022-03-24 08:40:09 UTC
46a5d141-9760-4ac1-934f-8fce43720b61,1648110747,1648110747,2668.0,1431083.0,2022-03-24 08:40:09 UTC
46a5d141-9760-4ac1-934f-8fce43720b61,1648110688,1648110687,2673.0,1431031.0,2022-03-24 08:32:04 UTC
46a5d141-9760-4ac1-934f-8fce43720b61,1648110627,1648110627,2691.0,1430981.0,2022-03-24 08:32:04 UTC
46a5d141-9760-4ac1-934f-8fce43720b61,1648110566,1648110567,2662.0,1430929.0,2022-03-24 08:32:04 UTC
46a5d141-9760-4ac1-934f-8fce43720b61,1648110506,1648110507,2677.0,1430878.0,2022-03-24 08:32:04 UTC
46a5d141-9760-4ac1-934f-8fce43720b61,1648110446,1648110447,2666.0,1430827.0,2022-03-24 08:32:04 UTC
46a5d141-9760-4ac1-934f-8fce43720b61,1648110387,1648110387,2680.0,1430777.0,2022-03-24 08:32:04 UTC
46a5d141-9760-4ac1-934f-8fce43720b61,1648110327,1648110327,2670.0,1430726.0,2022-03-24 08:32:04 UTC
46a5d141-9760-4ac1-934f-8fce43720b61,1648110267,1648110267,2691.0,1430674.0,2022-03-24 08:32:04 UTC
46a5d141-9760-4ac1-934f-8fce43720b61,1648110207,1648110207,2680.0,1430623.0,2022-03-24 08:32:04 UTC
46a5d141-9760-4ac1-934f-8fce43720b61,1648110147,1648110147,2690.0,1430572.0,2022-03-24 08:32:04 UTC
46a5d141-9760-4ac1-934f-8fce43720b61,1648110087,1648110087,2673.0,1430522.0,2022-03-24 08:32:04 UTC
46a5d141-9760-4ac1-934f-8fce43720b61,1648110027,1648110027,2687.0,1430470.0,2022-03-24 08:32:04 UTC
46a5d141-9760-4ac1-934f-8fce43720b61,1648109967,1648109967,2704.0,1430420.0,2022-03-24 08:32:04 UTC
46a5d141-9760-4ac1-934f-8fce43720b61,1648109907,1648109907,2689.0,1430369.0,2022-03-24 08:32:04 UTC
46a5d141-9760-4ac1-934f-8fce43720b61,1648109847,1648109847,2685.0,1430320.0,2022-03-24 08:32:04 UTC
46a5d141-9760-4ac1-934f-8fce43720b61,1648109787,1648109787,2677.0,1430270.0,2022-03-24 08:32:04 UTC
46a5d141-9760-4ac1-934f-8fce43720b61,1648109727,1648109727,2657.0,1430219.0,2022-03-24 08:32:04 UTC
46a5d141-9760-4ac1-934f-8fce43720b61,1648109667,1648109667,2651.0,1430167.0,2022-03-24 08:32:04 UTC
46a5d141-9760-4ac1-934f-8fce43720b61,1648109607,1648109607,2682.0,1430115.0,2022-03-24 08:32:04 UTC
46a5d141-9760-4ac1-934f-8fce43720b61,1648109547,1648109547,2666.0,1430063.0,2022-03-24 08:32:04 UTC
46a5d141-9760-4ac1-934f-8fce43720b61,1648109487,1648109487,2640.0,1430013.0,2022-03-24 08:32:04 UTC
46a5d141-9760-4ac1-934f-8fce43720b61,1648109427,1648109427,2637.0,1429964.0,2022-03-24 08:32:04 UTC
46a5d141-9760-4ac1-934f-8fce43720b61,1648109367,1648109367,2623.0,1429916.0,2022-03-24 08:32:04 UTC
46a5d141-9760-4ac1-934f-8fce43720b61,1648109307,1648109307,2624.0,1429867.0,2022-03-24 08:32:04 UTC
46a5d141-9760-4ac1-934f-8fce43720b61,1648109248,1648109247,2627.0,1429818.0,2022-03-24 08:32:04 UTC
46a5d141-9760-4ac1-934f-8fce43720b61,1648109186,1648109187,2651.0,1429770.0,2022-03-24 08:32:04 UTC
46a5d141-9760-4ac1-934f-8fce43720b61,1648109127,1648109127,2639.0,1429719.0,2022-03-24 08:32:04 UTC
46a5d141-9760-4ac1-934f-8fce43720b61,1648109067,1648109067,2631.0,1429667.0,2022-03-24 08:32:04 UTC
46a5d141-9760-4ac1-934f-8fce43720b61,1648109006,1648109007,2627.0,1429617.0,2022-03-24 08:32:04 UTC
46a5d141-9760-4ac1-934f-8fce43720b61,1648108947,1648108947,2626.0,1429568.0,2022-03-24 08:32:04 UTC
46a5d141-9760-4ac1-934f-8fce43720b61,1648108887,1648108887,2633.0,1429520.0,2022-03-24 08:02:11 UTC
46a5d141-9760-4ac1-934f-8fce43720b61,1648108827,1648108827,2669.0,1429470.0,2022-03-24 08:02:11 UTC
46a5d141-9760-4ac1-934f-8fce43720b61,1648108767,1648108767,2654.0,1429419.0,2022-03-24 08:02:11 UTC
46a5d141-9760-4ac1-934f-8fce43720b61,1648108707,1648108707,2650.0,1429366.0,2022-03-24 08:02:11 UTC
46a5d141-9760-4ac1-934f-8fce43720b61,1648108647,1648108647,2676.0,1429314.0,2022-03-24 08:02:11 UTC
46a5d141-9760-4ac1-934f-8fce43720b61,1648108587,1648108587,2681.0,1429262.0,2022-03-24 08:02:11 UTC
46a5d141-9760-4ac1-934f-8fce43720b61,1648108527,1648108527,2650.0,1429210.0,2022-03-24 08:02:11 UTC
46a5d141-9760-4ac1-934f-8fce43720b61,1648108467,1648108467,2639.0,1429159.0,2022-03-24 08:02:11 UTC
46a5d141-9760-4ac1-934f-8fce43720b61,1648108407,1648108407,2634.0,1429109.0,2022-03-24 08:02:11 UTC
46a5d141-9760-4ac1-934f-8fce43720b61,1648108347,1648108347,2644.0,1429058.0,2022-03-24 08:02:11 UTC
46a5d141-9760-4ac1-934f-8fce43720b61,1648108287,1648108287,2643.0,1429007.0,2022-03-24 08:02:11 UTC
46a5d141-9760-4ac1-934f-8fce43720b61,1648108226,1648108227,2619.0,1428956.0,2022-03-24 08:02:11 UTC
46a5d141-9760-4ac1-934f-8fce43720b61,1648108166,1648108167,2603.0,1428905.0,2022-03-24 08:02:11 UTC
46a5d141-9760-4ac1-934f-8fce43720b61,1648108107,1648108107,2607.0,1428855.0,2022-03-24 08:02:11 UTC
46a5d141-9760-4ac1-934f-8fce43720b61,1648108046,1648108047,2626.0,1428806.0,2022-03-24 08:02:11 UTC
46a5d141-9760-4ac1-934f-8fce43720b61,1648107987,1648107987,2630.0,1428757.0,2022-03-24 08:02:11 UTC
46a5d141-9760-4ac1-934f-8fce43720b61,1648107927,1648107927,2662.0,1428708.0,2022-03-24 08:02:11 UTC
46a5d141-9760-4ac1-934f-8fce43720b61,1648107867,1648107867,2647.0,1428659.0,2022-03-24 08:02:11 UTC
46a5d141-9760-4ac1-934f-8fce43720b61,1648107806,1648107807,2656.0,1428610.0,2022-03-24 07:43:46 UTC
46a5d141-9760-4ac1-934f-8fce43720b61,1648107747,1648107747,2642.0,1428562.0,2022-03-24 07:43:46 UTC
46a5d141-9760-4ac1-934f-8fce43720b61,1648107687,1648107687,2618.0,1428513.0,2022-03-24 07:41:58 UTC
46a5d141-9760-4ac1-934f-8fce43720b61,1648107627,1648107627,2609.0,1428465.0,2022-03-24 07:40:56 UTC
46a5d141-9760-4ac1-934f-8fce43720b61,1648107567,1648107567,2611.0,1428416.0,2022-03-24 07:40:07 UTC
46a5d141-9760-4ac1-934f-8fce43720b61,1648107507,1648107507,2654.0,1428365.0,2022-03-24 07:40:07 UTC
46a5d141-9760-4ac1-934f-8fce43720b61,1648107446,1648107447,2631.0,1428313.0,2022-03-24 07:40:07 UTC
46a5d141-9760-4ac1-934f-8fce43720b61,1648107387,1648107387,2619.0,1428261.0,2022-03-24 07:40:07 UTC
46a5d141-9760-4ac1-934f-8fce43720b61,1648107327,1648107327,2610.0,1428210.0,2022-03-24 07:40:07 UTC
46a5d141-9760-4ac1-934f-8fce43720b61,1648107267,1648107267,2641.0,1428158.0,2022-03-24 07:40:07 UTC
46a5d141-9760-4ac1-934f-8fce43720b61,1648107207,1648107207,2635.0,1428107.0,2022-03-24 07:40:07 UTC
46a5d141-9760-4ac1-934f-8fce43720b61,1648107147,1648107147,2583.0,1428056.0,2022-03-24 07:40:07 UTC
46a5d141-9760-4ac1-934f-8fce43720b61,1648107087,1648107087,2599.0,1428005.0,2022-03-24 07:40:07 UTC
46a5d141-9760-4ac1-934f-8fce43720b61,1648107027,1648107027,2558.0,1427954.0,2022-03-24 07:40:07 UTC
46a5d141-9760-4ac1-934f-8fce43720b61,1648106967,1648106967,2550.0,1427904.0,2022-03-24 07:40:07 UTC
46a5d141-9760-4ac1-934f-8fce43720b61,1648106907,1648106907,2603.0,1427854.0,2022-03-24 07:40:07 UTC
46a5d141-9760-4ac1-934f-8fce43720b61,1648106847,1648106847,2610.0,1427803.0,2022-03-24 07:40:07 UTC
46a5d141-9760-4ac1-934f-8fce43720b61,1648106787,1648106787,2594.0,1427753.0,2022-03-24 07:40:07 UTC
46a5d141-9760-4ac1-934f-8fce43720b61,1648106727,1648106727,2559.0,1427702.0,2022-03-24 07:40:07 UTC
46a5d141-9760-4ac1-934f-8fce43720b61,1648106667,1648106667,2589.0,1427651.0,2022-03-24 07:40:07 UTC
46a5d141-9760-4ac1-934f-8fce43720b61,1648106607,1648106607,2589.0,1427602.0,2022-03-24 07:40:07 UTC
46a5d141-9760-4ac1-934f-8fce43720b61,1648106547,1648106547,2603.0,1427553.0,2022-03-24 07:40:07 UTC
46a5d141-9760-4ac1-934f-8fce43720b61,1648106487,1648106487,2581.0,1427504.0,2022-03-24 07:40:07 UTC
46a5d141-9760-4ac1-934f-8fce43720b61,1648106426,1648106427,2579.0,1427456.0,2022-03-24 07:40:07 UTC
46a5d141-9760-4ac1-934f-8fce43720b61,1648106367,1648106367,2606.0,1427407.0,2022-03-24 07:40:07 UTC
46a5d141-9760-4ac1-934f-8fce43720b61,1648106307,1648106307,2596.0,1427356.0,2022-03-24 07:40:07 UTC
46a5d141-9760-4ac1-934f-8fce43720b61,1648106247,1648106247,2597.0,1427305.0,2022-03-24 07:40:07 UTC
46a5d141-9760-4ac1-934f-8fce43720b61,1648106187,1648106187,2584.0,1427254.0,2022-03-24 07:40:07 UTC
46a5d141-9760-4ac1-934f-8fce43720b61,1648106127,1648106127,2578.0,1427203.0,2022-03-24 07:40:07 UTC
46a5d141-9760-4ac1-934f-8fce43720b61,1648106067,1648106067,2597.0,1427152.0,2022-03-24 07:40:07 UTC
46a5d141-9760-4ac1-934f-8fce43720b61,1648106007,1648106007,2585.0,1427101.0,2022-03-24 07:13:56 UTC
46a5d141-9760-4ac1-934f-8fce43720b61,1648105947,1648105947,2581.0,1427051.0,2022-03-24 07:13:56 UTC
46a5d141-9760-4ac1-934f-8fce43720b61,1648105887,1648105887,2560.0,1427000.0,2022-03-24 07:13:56 UTC
46a5d141-9760-4ac1-934f-8fce43720b61,1648105827,1648105827,2552.0,1426950.0,2022-03-24 07:13:56 UTC
46a5d141-9760-4ac1-934f-8fce43720b61,1648105767,1648105767,2592.0,1426900.0,2022-03-24 07:13:56 UTC
46a5d141-9760-4ac1-934f-8fce43720b61,1648105687,1648105685,2572.0,1426837.0,2022-03-24 07:13:56 UTC
46a5d141-9760-4ac1-934f-8fce43720b61,1648105627,1648105625,2629.0,1426786.0,2022-03-24 07:13:56 UTC
46a5d141-9760-4ac1-934f-8fce43720b61,1648105567,1648105565,2602.0,1426734.0,2022-03-24 07:13:56 UTC
46a5d141-9760-4ac1-934f-8fce43720b61,1648105507,1648105505,2628.0,1426683.0,2022-03-24 07:13:56 UTC
46a5d141-9760-4ac1-934f-8fce43720b61,1648105447,1648105445,2634.0,1426632.0,2022-03-24 07:13:56 UTC
46a5d141-9760-4ac1-934f-8fce43720b61,1648105387,1648105385,2612.0,1426580.0,2022-03-24 07:13:56 UTC
46a5d141-9760-4ac1-934f-8fce43720b61,1648105327,1648105325,2609.0,1426529.0,2022-03-24 07:13:56 UTC
46a5d141-9760-4ac1-934f-8fce43720b61,1648105267,1648105265,2623.0,1426477.0,2022-03-24 07:13:56 UTC
46a5d141-9760-4ac1-934f-8fce43720b61,1648105207,1648105205,2612.0,1426426.0,2022-03-24 07:13:56 UTC
46a5d141-9760-4ac1-934f-8fce43720b61,1648105147,1648105145,2612.0,1426375.0,2022-03-24 07:13:56 UTC
46a5d141-9760-4ac1-934f-8fce43720b61,1648105087,1648105085,2631.0,1426323.0,2022-03-24 07:13:56 UTC
46a5d141-9760-4ac1-934f-8fce43720b61,1648105027,1648105025,2633.0,1426271.0,2022-03-24 07:13:56 UTC
46a5d141-9760-4ac1-934f-8fce43720b61,1648104967,1648104965,2665.0,1426219.0,2022-03-24 07:13:56 UTC
46a5d141-9760-4ac1-934f-8fce43720b61,1648104907,1648104905,2636.0,1426167.0,2022-03-24 07:13:56 UTC
46a5d141-9760-4ac1-934f-8fce43720b61,1648104847,1648104845,2658.0,1426115.0,2022-03-24 07:13:56 UTC
46a5d141-9760-4ac1-934f-8fce43720b61,1648104787,1648104785,2634.0,1426063.0,2022-03-24 07:13:56 UTC
46a5d141-9760-4ac1-934f-8fce43720b61,1648104727,1648104725,2612.0,1426011.0,2022-03-24 07:13:56 UTC
46a5d141-9760-4ac1-934f-8fce43720b61,1648104667,1648104665,2598.0,1425959.0,2022-03-24 07:13:56 UTC
46a5d141-9760-4ac1-934f-8fce43720b61,1648104607,1648104605,2603.0,1425908.0,2022-03-24 07:13:56 UTC
46a5d141-9760-4ac1-934f-8fce43720b61,1648104547,1648104545,2588.0,1425857.0,2022-03-24 07:13:56 UTC
46a5d141-9760-4ac1-934f-8fce43720b61,1648104487,1648104485,2633.0,1425807.0,2022-03-24 07:13:56 UTC
46a5d141-9760-4ac1-934f-8fce43720b61,1648104427,1648104425,2625.0,1425755.0,2022-03-24 07:13:56 UTC
46a5d141-9760-4ac1-934f-8fce43720b61,1648104367,1648104365,2621.0,1425703.0,2022-03-24 07:13:56 UTC
46a5d141-9760-4ac1-934f-8fce43720b61,1648104307,1648104305,2631.0,1425652.0,2022-03-24 07:13:56 UTC
46a5d141-9760-4ac1-934f-8fce43720b61,1648104247,1648104245,2578.0,1425600.0,2022-03-24 06:45:04 UTC
46a5d141-9760-4ac1-934f-8fce43720b61,1648104187,1648104185,2619.0,1425550.0,2022-03-24 06:45:04 UTC
46a5d141-9760-4ac1-934f-8fce43720b61,1648104127,1648104125,2611.0,1425500.0,2022-03-24 06:45:04 UTC
46a5d141-9760-4ac1-934f-8fce43720b61,1648104067,1648104065,2578.0,1425450.0,2022-03-24 06:45:04 UTC
46a5d141-9760-4ac1-934f-8fce43720b61,1648104007,1648104005,2603.0,1425400.0,2022-03-24 06:45:04 UTC
46a5d141-9760-4ac1-934f-8fce43720b61,1648103947,1648103945,2593.0,1425350.0,2022-03-24 06:45:04 UTC
46a5d141-9760-4ac1-934f-8fce43720b61,1648103887,1648103885,2602.0,1425299.0,2022-03-24 06:45:04 UTC
46a5d141-9760-4ac1-934f-8fce43720b61,1648103827,1648103825,2598.0,1425249.0,2022-03-24 06:45:04 UTC
46a5d141-9760-4ac1-934f-8fce43720b61,1648103767,1648103765,2622.0,1425198.0,2022-03-24 06:45:04 UTC
46a5d141-9760-4ac1-934f-8fce43720b61,1648103707,1648103705,2605.0,1425147.0,2022-03-24 06:45:04 UTC
46a5d141-9760-4ac1-934f-8fce43720b61,1648103647,1648103645,2635.0,1425097.0,2022-03-24 06:45:04 UTC
46a5d141-9760-4ac1-934f-8fce43720b61,1648103587,1648103585,2605.0,1425047.0,2022-03-24 06:45:04 UTC
46a5d141-9760-4ac1-934f-8fce43720b61,1648103527,1648103525,2639.0,1424995.0,2022-03-24 06:45:04 UTC
46a5d141-9760-4ac1-934f-8fce43720b61,1648103467,1648103465,2626.0,1424944.0,2022-03-24 06:45:04 UTC
46a5d141-9760-4ac1-934f-8fce43720b61,1648103407,1648103405,2618.0,1424892.0,2022-03-24 06:45:04 UTC
46a5d141-9760-4ac1-934f-8fce43720b61,1648103347,1648103345,2618.0,1424841.0,2022-03-24 06:45:04 UTC
46a5d141-9760-4ac1-934f-8fce43720b61,1648103287,1648103285,2611.0,1424789.0,2022-03-24 06:45:04 UTC
46a5d141-9760-4ac1-934f-8fce43720b61,1648103227,1648103225,2629.0,1424737.0,2022-03-24 06:45:04 UTC
46a5d141-9760-4ac1-934f-8fce43720b61,1648103167,1648103165,2630.0,1424685.0,2022-03-24 06:45:04 UTC
46a5d141-9760-4ac1-934f-8fce43720b61,1648103107,1648103105,2650.0,1424633.0,2022-03-24 06:45:04 UTC
46a5d141-9760-4ac1-934f-8fce43720b61,1648103047,1648103045,2641.0,1424581.0,2022-03-24 06:45:04 UTC
46a5d141-9760-4ac1-934f-8fce43720b61,1648102988,1648102985,2585.0,1424530.0,2022-03-24 06:45:04 UTC
46a5d141-9760-4ac1-934f-8fce43720b61,1648102927,1648102925,2611.0,1424478.0,2022-03-24 06:45:04 UTC
46a5d141-9760-4ac1-934f-8fce43720b61,1648102867,1648102865,2595.0,1424427.0,2022-03-24 06:45:04 UTC
46a5d141-9760-4ac1-934f-8fce43720b61,1648102807,1648102805,2628.0,1424379.0,2022-03-24 06:45:04 UTC
46a5d141-9760-4ac1-934f-8fce43720b61,1648102747,1648102745,2608.0,1424330.0,2022-03-24 06:45:04 UTC
46a5d141-9760-4ac1-934f-8fce43720b61,1648102687,1648102685,2606.0,1424279.0,2022-03-24 06:45:04 UTC
46a5d141-9760-4ac1-934f-8fce43720b61,1648102627,1648102625,2616.0,1424228.0,2022-03-24 06:45:04 UTC
46a5d141-9760-4ac1-934f-8fce43720b61,1648102567,1648102565,2641.0,1424176.0,2022-03-24 06:45:04 UTC
46a5d141-9760-4ac1-934f-8fce43720b61,1648102507,1648102505,2704.0,1424123.0,2022-03-24 06:45:04 UTC
46a5d141-9760-4ac1-934f-8fce43720b61,1648102447,1648102445,2678.0,1424070.0,2022-03-24 06:14:31 UTC
46a5d141-9760-4ac1-934f-8fce43720b61,1648102387,1648102385,2684.0,1424017.0,2022-03-24 06:14:31 UTC
46a5d141-9760-4ac1-934f-8fce43720b61,1648102327,1648102325,2687.0,1423965.0,2022-03-24 06:14:31 UTC
46a5d141-9760-4ac1-934f-8fce43720b61,1648102267,1648102265,2636.0,1423913.0,2022-03-24 06:14:31 UTC
46a5d141-9760-4ac1-934f-8fce43720b61,1648102207,1648102205,2638.0,1423862.0,2022-03-24 06:14:31 UTC
46a5d141-9760-4ac1-934f-8fce43720b61,1648102147,1648102145,2595.0,1423811.0,2022-03-24 06:14:31 UTC
46a5d141-9760-4ac1-934f-8fce43720b61,1648102087,1648102085,2579.0,1423763.0,2022-03-24 06:14:31 UTC
46a5d141-9760-4ac1-934f-8fce43720b61,1648102027,1648102025,2518.0,1423716.0,2022-03-24 06:14:31 UTC
46a5d141-9760-4ac1-934f-8fce43720b61,1648101967,1648101965,2501.0,1423669.0,2022-03-24 06:14:31 UTC
46a5d141-9760-4ac1-934f-8fce43720b61,1648101907,1648101905,2509.0,1423621.0,2022-03-24 06:14:31 UTC
46a5d141-9760-4ac1-934f-8fce43720b61,1648101847,1648101845,2553.0,1423573.0,2022-03-24 06:14:31 UTC
46a5d141-9760-4ac1-934f-8fce43720b61,1648101787,1648101785,2548.0,1423524.0,2022-03-24 06:14:31 UTC
46a5d141-9760-4ac1-934f-8fce43720b61,1648101727,1648101725,2548.0,1423474.0,2022-03-24 06:14:31 UTC
46a5d141-9760-4ac1-934f-8fce43720b61,1648101667,1648101665,2516.0,1423425.0,2022-03-24 06:14:31 UTC
46a5d141-9760-4ac1-934f-8fce43720b61,1648101607,1648101605,2519.0,1423376.0,2022-03-24 06:14:31 UTC
46a5d141-9760-4ac1-934f-8fce43720b61,1648101548,1648101545,2505.0,1423327.0,2022-03-24 06:14:31 UTC
46a5d141-9760-4ac1-934f-8fce43720b61,1648101487,1648101485,2519.0,1423278.0,2022-03-24 06:14:31 UTC
46a5d141-9760-4ac1-934f-8fce43720b61,1648101427,1648101425,2512.0,1423229.0,2022-03-24 06:14:31 UTC
46a5d141-9760-4ac1-934f-8fce43720b61,1648101367,1648101365,2509.0,1423181.0,2022-03-24 06:14:31 UTC
46a5d141-9760-4ac1-934f-8fce43720b61,1648101307,1648101305,2512.0,1423131.0,2022-03-24 06:14:31 UTC
46a5d141-9760-4ac1-934f-8fce43720b61,1648101247,1648101245,2495.0,1423082.0,2022-03-24 06:14:31 UTC
46a5d141-9760-4ac1-934f-8fce43720b61,1648101187,1648101185,2507.0,1423034.0,2022-03-24 06:14:31 UTC
46a5d141-9760-4ac1-934f-8fce43720b61,1648101127,1648101125,2519.0,1422985.0,2022-03-24 06:14:31 UTC
46a5d141-9760-4ac1-934f-8fce43720b61,1648101067,1648101065,2503.0,1422937.0,2022-03-24 06:14:31 UTC
46a5d141-9760-4ac1-934f-8fce43720b61,1648101007,1648101005,2529.0,1422889.0,2022-03-24 06:14:31 UTC
46a5d141-9760-4ac1-934f-8fce43720b61,1648100947,1648100945,2523.0,1422840.0,2022-03-24 06:14:31 UTC
46a5d141-9760-4ac1-934f-8fce43720b61,1648100887,1648100885,2480.0,1422790.0,2022-03-24 06:14:31 UTC
46a5d141-9760-4ac1-934f-8fce43720b61,1648100827,1648100825,2476.0,1422741.0,2022-03-24 06:14:31 UTC
46a5d141-9760-4ac1-934f-8fce43720b61,1648100767,1648100765,2484.0,1422693.0,2022-03-24 06:14:31 UTC
46a5d141-9760-4ac1-934f-8fce43720b61,1648100707,1648100705,2494.0,1422644.0,2022-03-24 06:14:31 UTC
46a5d141-9760-4ac1-934f-8fce43720b61,1648100647,1648100645,2465.0,1422595.0,2022-03-24 05:44:34 UTC
46a5d141-9760-4ac1-934f-8fce43720b61,1648100587,1648100585,2501.0,1422546.0,2022-03-24 05:44:02 UTC
46a5d141-9760-4ac1-934f-8fce43720b61,1648100527,1648100525,2493.0,1422497.0,2022-03-24 05:44:02 UTC
46a5d141-9760-4ac1-934f-8fce43720b61,1648100467,1648100465,2498.0,1422448.0,2022-03-24 05:44:02 UTC
46a5d141-9760-4ac1-934f-8fce43720b61,1648100407,1648100405,2522.0,1422399.0,2022-03-24 05:44:02 UTC
46a5d141-9760-4ac1-934f-8fce43720b61,1648100347,1648100345,2539.0,1422349.0,2022-03-24 05:44:02 UTC
46a5d141-9760-4ac1-934f-8fce43720b61,1648100287,1648100285,2504.0,1422300.0,2022-03-24 05:44:02 UTC
46a5d141-9760-4ac1-934f-8fce43720b61,1648100227,1648100225,2491.0,1422250.0,2022-03-24 05:44:02 UTC
46a5d141-9760-4ac1-934f-8fce43720b61,1648100167,1648100165,2474.0,1422201.0,2022-03-24 05:44:02 UTC
46a5d141-9760-4ac1-934f-8fce43720b61,1648100107,1648100105,2473.0,1422153.0,2022-03-24 05:44:02 UTC
46a5d141-9760-4ac1-934f-8fce43720b61,1648100047,1648100045,2504.0,1422104.0,2022-03-24 05:44:02 UTC
46a5d141-9760-4ac1-934f-8fce43720b61,1648099987,1648099985,2470.0,1422055.0,2022-03-24 05:44:02 UTC
46a5d141-9760-4ac1-934f-8fce43720b61,1648099927,1648099925,2488.0,1422007.0,2022-03-24 05:44:02 UTC
46a5d141-9760-4ac1-934f-8fce43720b61,1648099867,1648099865,2480.0,1421958.0,2022-03-24 05:44:02 UTC
46a5d141-9760-4ac1-934f-8fce43720b61,1648099807,1648099805,2467.0,1421910.0,2022-03-24 05:30:26 UTC
46a5d141-9760-4ac1-934f-8fce43720b61,1648099747,1648099745,2487.0,1421861.0,2022-03-24 05:30:26 UTC
46a5d141-9760-4ac1-934f-8fce43720b61,1648099687,1648099685,2501.0,1421812.0,2022-03-24 05:28:26 UTC
46a5d141-9760-4ac1-934f-8fce43720b61,1648099627,1648099625,2487.0,1421763.0,2022-03-24 05:28:26 UTC
46a5d141-9760-4ac1-934f-8fce43720b61,1648099567,1648099565,2469.0,1421714.0,2022-03-24 05:28:26 UTC
46a5d141-9760-4ac1-934f-8fce43720b61,1648099507,1648099505,2481.0,1421665.0,2022-03-24 05:28:26 UTC
46a5d141-9760-4ac1-934f-8fce43720b61,1648099447,1648099445,2490.0,1421616.0,2022-03-24 05:28:26 UTC
46a5d141-9760-4ac1-934f-8fce43720b61,1648099387,1648099385,2476.0,1421568.0,2022-03-24 05:23:34 UTC
46a5d141-9760-4ac1-934f-8fce43720b61,1648099327,1648099325,2459.0,1421520.0,2022-03-24 05:23:34 UTC
46a5d141-9760-4ac1-934f-8fce43720b61,1648099267,1648099265,2461.0,1421471.0,2022-03-24 05:23:34 UTC
46a5d141-9760-4ac1-934f-8fce43720b61,1648099207,1648099205,2484.0,1421423.0,2022-03-24 05:23:34 UTC
46a5d141-9760-4ac1-934f-8fce43720b61,1648099147,1648099145,2464.0,1421374.0,2022-03-24 05:23:34 UTC
46a5d141-9760-4ac1-934f-8fce43720b61,1648099087,1648099085,2477.0,1421325.0,2022-03-24 05:18:49 UTC
46a5d141-9760-4ac1-934f-8fce43720b61,1648099027,1648099025,2474.0,1421276.0,2022-03-24 05:18:49 UTC
46a5d141-9760-4ac1-934f-8fce43720b61,1648098967,1648098965,2470.0,1421228.0,2022-03-24 05:18:49 UTC
46a5d141-9760-4ac1-934f-8fce43720b61,1648098907,1648098905,2492.0,1421179.0,2022-03-24 05:18:49 UTC
46a5d141-9760-4ac1-934f-8fce43720b61,1648098847,1648098845,2494.0,1421131.0,2022-03-24 05:18:49 UTC
46a5d141-9760-4ac1-934f-8fce43720b61,1648098787,1648098785,2460.0,1421082.0,2022-03-24 05:18:49 UTC
46a5d141-9760-4ac1-934f-8fce43720b61,1648098727,1648098725,2463.0,1421033.0,2022-03-24 05:18:49 UTC
46a5d141-9760-4ac1-934f-8fce43720b61,1648098667,1648098665,2498.0,1420985.0,2022-03-24 05:18:49 UTC
46a5d141-9760-4ac1-934f-8fce43720b61,1648098607,1648098605,2486.0,1420936.0,2022-03-24 05:18:49 UTC
46a5d141-9760-4ac1-934f-8fce43720b61,1648098547,1648098545,2488.0,1420888.0,2022-03-24 05:09:25 UTC
46a5d141-9760-4ac1-934f-8fce43720b61,1648098487,1648098485,2442.0,1420839.0,2022-03-24 05:09:25 UTC
46a5d141-9760-4ac1-934f-8fce43720b61,1648098427,1648098425,2439.0,1420791.0,2022-03-24 05:09:25 UTC
46a5d141-9760-4ac1-934f-8fce43720b61,1648098367,1648098365,2416.0,1420744.0,2022-03-24 05:09:25 UTC
46a5d141-9760-4ac1-934f-8fce43720b61,1648098307,1648098305,2409.0,1420697.0,2022-03-24 05:05:19 UTC
46a5d141-9760-4ac1-934f-8fce43720b61,1648098247,1648098245,2475.0,1420649.0,2022-03-24 05:05:19 UTC
46a5d141-9760-4ac1-934f-8fce43720b61,1648098187,1648098185,2479.0,1420600.0,2022-03-24 05:05:19 UTC
46a5d141-9760-4ac1-934f-8fce43720b61,1648098127,1648098125,2480.0,1420551.0,2022-03-24 05:02:50 UTC
46a5d141-9760-4ac1-934f-8fce43720b61,1648098067,1648098065,2470.0,1420503.0,2022-03-24 05:02:50 UTC
46a5d141-9760-4ac1-934f-8fce43720b61,1648098007,1648098005,2486.0,1420454.0,2022-03-24 05:02:50 UTC
46a5d141-9760-4ac1-934f-8fce43720b61,1648097947,1648097945,2477.0,1420405.0,2022-03-24 05:02:50 UTC
46a5d141-9760-4ac1-934f-8fce43720b61,1648097887,1648097885,2455.0,1420357.0,2022-03-24 05:02:50 UTC
46a5d141-9760-4ac1-934f-8fce43720b61,1648097827,1648097825,2506.0,1420308.0,2022-03-24 05:02:50 UTC
46a5d141-9760-4ac1-934f-8fce43720b61,1648097767,1648097765,2487.0,1420259.0,2022-03-24 05:02:50 UTC
46a5d141-9760-4ac1-934f-8fce43720b61,1648097707,1648097705,2460.0,1420210.0,2022-03-24 05:02:50 UTC
46a5d141-9760-4ac1-934f-8fce43720b61,1648097647,1648097645,2454.0,1420165.0,2022-03-24 05:02:50 UTC
46a5d141-9760-4ac1-934f-8fce43720b61,1648097587,1648097585,2468.0,1420119.0,2022-03-24 05:02:50 UTC
46a5d141-9760-4ac1-934f-8fce43720b61,1648097527,1648097525,2484.0,1420074.0,2022-03-24 05:02:50 UTC
46a5d141-9760-4ac1-934f-8fce43720b61,1648097467,1648097465,2479.0,1420028.0,2022-03-24 04:51:18 UTC
46a5d141-9760-4ac1-934f-8fce43720b61,1648097407,1648097405,2480.0,1419983.0,2022-03-24 04:51:18 UTC
46a5d141-9760-4ac1-934f-8fce43720b61,1648097347,1648097345,2461.0,1419937.0,2022-03-24 04:51:18 UTC
46a5d141-9760-4ac1-934f-8fce43720b61,1648097287,1648097285,2474.0,1419892.0,2022-03-24 04:51:18 UTC
46a5d141-9760-4ac1-934f-8fce43720b61,1648097227,1648097225,2466.0,1419846.0,2022-03-24 04:51:18 UTC
46a5d141-9760-4ac1-934f-8fce43720b61,1648097167,1648097165,2471.0,1419801.0,2022-03-24 04:46:24 UTC
46a5d141-9760-4ac1-934f-8fce43720b61,1648097107,1648097105,2462.0,1419756.0,2022-03-24 04:46:24 UTC
46a5d141-9760-4ac1-934f-8fce43720b61,1648097047,1648097045,2461.0,1419710.0,2022-03-24 04:46:24 UTC
46a5d141-9760-4ac1-934f-8fce43720b61,1648096987,1648096985,2475.0,1419666.0,2022-03-24 04:46:24 UTC
46a5d141-9760-4ac1-934f-8fce43720b61,1648096927,1648096925,2488.0,1419620.0,2022-03-24 04:46:24 UTC
46a5d141-9760-4ac1-934f-8fce43720b61,1648096867,1648096865,2506.0,1419573.0,2022-03-24 04:41:25 UTC
46a5d141-9760-4ac1-934f-8fce43720b61,1648096807,1648096805,2461.0,1419526.0,2022-03-24 04:41:25 UTC
46a5d141-9760-4ac1-934f-8fce43720b61,1648096747,1648096745,2503.0,1419478.0,2022-03-24 04:41:25 UTC
46a5d141-9760-4ac1-934f-8fce43720b61,1648096687,1648096685,2515.0,1419431.0,2022-03-24 04:41:25 UTC
46a5d141-9760-4ac1-934f-8fce43720b61,1648096627,1648096625,2494.0,1419385.0,2022-03-24 04:41:25 UTC
46a5d141-9760-4ac1-934f-8fce43720b61,1648096567,1648096565,2463.0,1419339.0,2022-03-24 04:36:31 UTC
46a5d141-9760-4ac1-934f-8fce43720b61,1648096507,1648096505,2465.0,1419293.0,2022-03-24 04:36:31 UTC
46a5d141-9760-4ac1-934f-8fce43720b61,1648096447,1648096445,2473.0,1419248.0,2022-03-24 04:36:31 UTC
46a5d141-9760-4ac1-934f-8fce43720b61,1648096387,1648096385,2477.0,1419203.0,2022-03-24 04:36:31 UTC
46a5d141-9760-4ac1-934f-8fce43720b61,1648096327,1648096325,2496.0,1419157.0,2022-03-24 04:36:31 UTC
46a5d141-9760-4ac1-934f-8fce43720b61,1648096267,1648096265,2520.0,1419111.0,2022-03-24 04:31:32 UTC
46a5d141-9760-4ac1-934f-8fce43720b61,1648096207,1648096205,2498.0,1419065.0,2022-03-24 04:31:32 UTC
46a5d141-9760-4ac1-934f-8fce43720b61,1648096147,1648096145,2500.0,1419019.0,2022-03-24 04:31:32 UTC
46a5d141-9760-4ac1-934f-8fce43720b61,1648096087,1648096085,2496.0,1418973.0,2022-03-24 04:31:32 UTC
46a5d141-9760-4ac1-934f-8fce43720b61,1648096027,1648096025,2495.0,1418925.0,2022-03-24 04:31:32 UTC
46a5d141-9760-4ac1-934f-8fce43720b61,1648095967,1648095965,2475.0,1418878.0,2022-03-24 04:26:37 UTC
46a5d141-9760-4ac1-934f-8fce43720b61,1648095907,1648095905,2440.0,1418831.0,2022-03-24 04:26:37 UTC
46a5d141-9760-4ac1-934f-8fce43720b61,1648095847,1648095845,2435.0,1418784.0,2022-03-24 04:26:37 UTC
46a5d141-9760-4ac1-934f-8fce43720b61,1648095787,1648095785,2422.0,1418737.0,2022-03-24 04:26:37 UTC
46a5d141-9760-4ac1-934f-8fce43720b61,1648097641,1648095785,2422.0,1418737.0,2022-03-24 05:02:50 UTC
46a5d141-9760-4ac1-934f-8fce43720b61,1648095727,1648095725,2421.0,1418692.0,2022-03-24 04:26:37 UTC
46a5d141-9760-4ac1-934f-8fce43720b61,1648095667,1648095665,2439.0,1418648.0,2022-03-24 04:26:37 UTC
46a5d141-9760-4ac1-934f-8fce43720b61,1648095607,1648095605,2447.0,1418603.0,2022-03-24 04:20:29 UTC
46a5d141-9760-4ac1-934f-8fce43720b61,1648095547,1648095545,2436.0,1418559.0,2022-03-24 04:20:29 UTC
46a5d141-9760-4ac1-934f-8fce43720b61,1648095487,1648095485,2441.0,1418514.0,2022-03-24 04:20:29 UTC
46a5d141-9760-4ac1-934f-8fce43720b61,1648095427,1648095425,2421.0,1418469.0,2022-03-24 04:20:29 UTC
46a5d141-9760-4ac1-934f-8fce43720b61,1648095367,1648095365,2447.0,1418425.0,2022-03-24 04:20:29 UTC
46a5d141-9760-4ac1-934f-8fce43720b61,1648095307,1648095305,2450.0,1418380.0,2022-03-24 04:15:33 UTC
46a5d141-9760-4ac1-934f-8fce43720b61,1648095247,1648095245,2410.0,1418336.0,2022-03-24 04:15:33 UTC
46a5d141-9760-4ac1-934f-8fce43720b61,1648095187,1648095185,2427.0,1418291.0,2022-03-24 04:15:33 UTC
46a5d141-9760-4ac1-934f-8fce43720b61,1648095127,1648095125,2458.0,1418246.0,2022-03-24 04:15:33 UTC
46a5d141-9760-4ac1-934f-8fce43720b61,1648095067,1648095065,2440.0,1418200.0,2022-03-24 04:15:33 UTC
46a5d141-9760-4ac1-934f-8fce43720b61,1648095007,1648095005,2450.0,1418154.0,2022-03-24 04:10:35 UTC
46a5d141-9760-4ac1-934f-8fce43720b61,1648094947,1648094945,2434.0,1418109.0,2022-03-24 04:10:35 UTC
46a5d141-9760-4ac1-934f-8fce43720b61,1648094887,1648094885,2450.0,1418065.0,2022-03-24 04:10:35 UTC
46a5d141-9760-4ac1-934f-8fce43720b61,1648094828,1648094825,2434.0,1418020.0,2022-03-24 04:10:35 UTC
46a5d141-9760-4ac1-934f-8fce43720b61,1648094767,1648094765,2443.0,1417973.0,2022-03-24 04:10:35 UTC
46a5d141-9760-4ac1-934f-8fce43720b61,1648094707,1648094705,2458.0,1417928.0,2022-03-24 04:05:22 UTC
46a5d141-9760-4ac1-934f-8fce43720b61,1648094647,1648094645,2463.0,1417883.0,2022-03-24 04:05:22 UTC
46a5d141-9760-4ac1-934f-8fce43720b61,1648094587,1648094585,2461.0,1417838.0,2022-03-24 04:05:22 UTC
46a5d141-9760-4ac1-934f-8fce43720b61,1648094527,1648094525,2438.0,1417793.0,2022-03-24 04:02:24 UTC
46a5d141-9760-4ac1-934f-8fce43720b61,1648094467,1648094465,2415.0,1417748.0,2022-03-24 04:02:24 UTC
46a5d141-9760-4ac1-934f-8fce43720b61,1648094407,1648094405,2405.0,1417704.0,2022-03-24 04:02:24 UTC
46a5d141-9760-4ac1-934f-8fce43720b61,1648094347,1648094345,2441.0,1417659.0,2022-03-24 04:02:24 UTC
46a5d141-9760-4ac1-934f-8fce43720b61,1648094287,1648094285,2436.0,1417613.0,2022-03-24 04:02:24 UTC
46a5d141-9760-4ac1-934f-8fce43720b61,1648094250,1648094248,2451.0,1417585.0,2022-03-24 03:57:32 UTC
